Workbook

Sheet Executive Dashboard
A1: IRAQ SOIL & WATER BALANCE - EXECUTIVE DECISION SUPPORT & RECLAMATION ADVISORY TOOL
A3: SOIL PROFILE & TEXTURE | D3: TARGET CROP & YIELD GOAL | G3: ESTIMATED PLANTING YEAR | J3: ACTIVE PIONEER / RECLAMATION CROP | M3: LONG-TERM STEADY-STATE
A4: ='Soil & Climate Inputs'!$C$11 -> Clay Loam | D4: ='W&S Balance Model'!$B$5 & " (" & 'W&S Balance Model'!$B$6 & ")" -> Barley (100% Yield (0% Loss)) | G4: ='W&S Balance Model'!$F$8 -> Year 2 | J4: =IF('W&S Balance Model'!$B$9="[Auto-Select / Recommended Pioneer Crop]", "Auto: " & 'W&S Balance Model'!$F$9, 'W&S Balance Model'!$B$9) -> Auto: Barley | M4: =IF(ISNUMBER('W&S Balance Model'!$F$16), TEXT('W&S Balance Model'!$F$16, "0.0") & " dS/m", 'W&S Balance Model'!$F$16) -> 05 dS/m
A5: ="Wfc: " & TEXT('W&S Balance Model'!$B$12, "#,##0") & " mm | Start ECe: " & TEXT('W&S Balance Model'!$B$13, "0.0") & " dS/m" -> Wfc: 373,0 mm | Start ECe: 09 dS/m | D5: ='W&S Balance Model'!$F$7 -> RESTRICTED (Yield Loss) | G5: Calculated Feasibility Horizon | J5: ='W&S Balance Model'!$F$10 -> Salt: Cat 2: High Salinity Tolerant | Water: Cat 3: Moderate Water Use | M5: =IF('W&S Balance Model'!$F$16<='W&S Balance Model'!$F$5, "Equilibrium <= Target Threshold", "Warning: ECe,eq > Target Threshold") -> Equilibrium <= Target Threshold
A7: VISUAL ANALYTICS: 10-YEAR SALINITY TRAJECTORY & WATER DEMAND BREAKDOWN
A25: 10-YEAR DYNAMIC CROP ROTATION & SOIL RECLAMATION ACTION PLAN
A26: Year | B26: Active Cultivated Crop | D26: Start Soil ECe (dS/m) | E26: Annual Avg Soil ECe (dS/m) | F26: End Soil ECe (dS/m) | G26: Pre-Season Flush (mm) | H26: Seasonal LF % | I26: Total Water Demand (mm/yr) | J26: Target Threshold (dS/m) | K26: Crop Stage & Action Recommendation Note
A27: Year 1 | B27: ='W&S Balance Model'!E21 -> Barley | D27: ='W&S Balance Model'!$B$13 -> 9 | E27: ='W&S Balance Model'!D39 -> 8.2797725 | F27: ='W&S Balance Model'!P39 -> 7.6570214 | G27: ='W&S Balance Model'!$F$15 -> 11 | H27: ='W&S Balance Model'!$F$13 -> 0.15 | I27: ='W&S Balance Model'!$F$14 -> 711 | J27: ='W&S Balance Model'!$F$5 -> 8 | K27: =IF(B27='W&S Balance Model'!$B$5, "TARGET CROP VIABLE & CULTIVATED (Optimal Production)", "RECLAMATION LEACHING IN PROGRESS WITH PIONEER CROP") -> TARGET CROP VIABLE & CULTIVATED (Optimal Production)
A28: Year 2 | B28: =IF(OR('W&S Balance Model'!P39<='W&S Balance Model'!$F$5, B27='W&S Balance Model'!$B$5), 'W&S Balance Model'!$B$5, 'W&S Balance Model'!$F$9) -> Barley | D28: ='W&S Balance Model'!P39 -> 7.6570214 | E28: ='W&S Balance Model'!D45 -> 7.2343951 | F28: ='W&S Balance Model'!P45 -> 6.7396922 | G28: =IF('W&S Balance Model'!$B$15="Annual Pre-Sowing Flush", 'W&S Balance Model'!$B$16, IF(AND('W&S Balance Model'!$B$15="Year 1 Reclamation Only", 2=1), 'W&S Balance Model'!$B$16, IF(AND('W&S Balance Model'!$B$15="Bi-Annual Flush (Every 2 Yrs)", MOD(2,2)=1), 'W&S Balance Model'!$B$16, IF(AND('W&S Balance Model'!$B$15="Manual Flushing Input", 2=1), 'W&S Balance Model'!$B$16, 0)))) -> 200 | H28: ='W&S Balance Model'!$F$13 -> 0.15 | I28: ='W&S Balance Model'!$F$14 -> 711 | J28: ='W&S Balance Model'!$F$5 -> 8 | K28: =IF(B28='W&S Balance Model'!$B$5, "TARGET CROP VIABLE & CULTIVATED (Optimal Production)", "RECLAMATION LEACHING IN PROGRESS WITH PIONEER CROP") -> TARGET CROP VIABLE & CULTIVATED (Optimal Production)
A29: Year 3 | B29: =IF(OR('W&S Balance Model'!P45<='W&S Balance Model'!$F$5, B28='W&S Balance Model'!$B$5), 'W&S Balance Model'!$B$5, 'W&S Balance Model'!$F$9) -> Barley | D29: ='W&S Balance Model'!P45 -> 6.7396922 | E29: ='W&S Balance Model'!D51 -> 6.520344 | F29: ='W&S Balance Model'!P51 -> 6.1131051 | G29: =IF('W&S Balance Model'!$B$15="Annual Pre-Sowing Flush", 'W&S Balance Model'!$B$16, IF(AND('W&S Balance Model'!$B$15="Year 1 Reclamation Only", 3=1), 'W&S Balance Model'!$B$16, IF(AND('W&S Balance Model'!$B$15="Bi-Annual Flush (Every 2 Yrs)", MOD(3,2)=1), 'W&S Balance Model'!$B$16, IF(AND('W&S Balance Model'!$B$15="Manual Flushing Input", 3=1), 'W&S Balance Model'!$B$16, 0)))) -> 200 | H29: ='W&S Balance Model'!$F$13 -> 0.15 | I29: ='W&S Balance Model'!$F$14 -> 711 | J29: ='W&S Balance Model'!$F$5 -> 8 | K29: =IF(B29='W&S Balance Model'!$B$5, "TARGET CROP VIABLE & CULTIVATED (Optimal Production)", "RECLAMATION LEACHING IN PROGRESS WITH PIONEER CROP") -> TARGET CROP VIABLE & CULTIVATED (Optimal Production)
A30: Year 4 | B30: =IF(OR('W&S Balance Model'!P51<='W&S Balance Model'!$F$5, B29='W&S Balance Model'!$B$5), 'W&S Balance Model'!$B$5, 'W&S Balance Model'!$F$9) -> Barley | D30: ='W&S Balance Model'!P51 -> 6.1131051 | E30: ='W&S Balance Model'!D57 -> 6.0326073 | F30: ='W&S Balance Model'!P57 -> 5.6851112 | G30: =IF('W&S Balance Model'!$B$15="Annual Pre-Sowing Flush", 'W&S Balance Model'!$B$16, IF(AND('W&S Balance Model'!$B$15="Year 1 Reclamation Only", 4=1), 'W&S Balance Model'!$B$16, IF(AND('W&S Balance Model'!$B$15="Bi-Annual Flush (Every 2 Yrs)", MOD(4,2)=1), 'W&S Balance Model'!$B$16, IF(AND('W&S Balance Model'!$B$15="Manual Flushing Input", 4=1), 'W&S Balance Model'!$B$16, 0)))) -> 200 | H30: ='W&S Balance Model'!$F$13 -> 0.15 | I30: ='W&S Balance Model'!$F$14 -> 711 | J30: ='W&S Balance Model'!$F$5 -> 8 | K30: =IF(B30='W&S Balance Model'!$B$5, "TARGET CROP VIABLE & CULTIVATED (Optimal Production)", "RECLAMATION LEACHING IN PROGRESS WITH PIONEER CROP") -> TARGET CROP VIABLE & CULTIVATED (Optimal Production)
A31: Year 5 | B31: =IF(OR('W&S Balance Model'!P57<='W&S Balance Model'!$F$5, B30='W&S Balance Model'!$B$5), 'W&S Balance Model'!$B$5, 'W&S Balance Model'!$F$9) -> Barley | D31: ='W&S Balance Model'!P57 -> 5.6851112 | E31: ='W&S Balance Model'!D63 -> 5.699456 | F31: ='W&S Balance Model'!P63 -> 5.3927675 | G31: =IF('W&S Balance Model'!$B$15="Annual Pre-Sowing Flush", 'W&S Balance Model'!$B$16, IF(AND('W&S Balance Model'!$B$15="Year 1 Reclamation Only", 5=1), 'W&S Balance Model'!$B$16, IF(AND('W&S Balance Model'!$B$15="Bi-Annual Flush (Every 2 Yrs)", MOD(5,2)=1), 'W&S Balance Model'!$B$16, IF(AND('W&S Balance Model'!$B$15="Manual Flushing Input", 5=1), 'W&S Balance Model'!$B$16, 0)))) -> 200 | H31: ='W&S Balance Model'!$F$13 -> 0.15 | I31: ='W&S Balance Model'!$F$14 -> 711 | J31: ='W&S Balance Model'!$F$5 -> 8 | K31: =IF(B31='W&S Balance Model'!$B$5, "TARGET CROP VIABLE & CULTIVATED (Optimal Production)", "RECLAMATION LEACHING IN PROGRESS WITH PIONEER CROP") -> TARGET CROP VIABLE & CULTIVATED (Optimal Production)
A32: Year 6 | B32: =IF(OR('W&S Balance Model'!P63<='W&S Balance Model'!$F$5, B31='W&S Balance Model'!$B$5), 'W&S Balance Model'!$B$5, 'W&S Balance Model'!$F$9) -> Barley | D32: ='W&S Balance Model'!P63 -> 5.3927675 | E32: ='W&S Balance Model'!D69 -> 5.471895 | F32: ='W&S Balance Model'!P69 -> 5.1930804 | G32: =IF('W&S Balance Model'!$B$15="Annual Pre-Sowing Flush", 'W&S Balance Model'!$B$16, IF(AND('W&S Balance Model'!$B$15="Year 1 Reclamation Only", 6=1), 'W&S Balance Model'!$B$16, IF(AND('W&S Balance Model'!$B$15="Bi-Annual Flush (Every 2 Yrs)", MOD(6,2)=1), 'W&S Balance Model'!$B$16, IF(AND('W&S Balance Model'!$B$15="Manual Flushing Input", 6=1), 'W&S Balance Model'!$B$16, 0)))) -> 200 | H32: ='W&S Balance Model'!$F$13 -> 0.15 | I32: ='W&S Balance Model'!$F$14 -> 711 | J32: ='W&S Balance Model'!$F$5 -> 8 | K32: =IF(B32='W&S Balance Model'!$B$5, "TARGET CROP VIABLE & CULTIVATED (Optimal Production)", "RECLAMATION LEACHING IN PROGRESS WITH PIONEER CROP") -> TARGET CROP VIABLE & CULTIVATED (Optimal Production)
A33: Year 7 | B33: =IF(OR('W&S Balance Model'!P69<='W&S Balance Model'!$F$5, B32='W&S Balance Model'!$B$5), 'W&S Balance Model'!$B$5, 'W&S Balance Model'!$F$9) -> Barley | D33: ='W&S Balance Model'!P69 -> 5.1930804 | E33: ='W&S Balance Model'!D75 -> 5.3164582 | F33: ='W&S Balance Model'!P75 -> 5.056683 | G33: =IF('W&S Balance Model'!$B$15="Annual Pre-Sowing Flush", 'W&S Balance Model'!$B$16, IF(AND('W&S Balance Model'!$B$15="Year 1 Reclamation Only", 7=1), 'W&S Balance Model'!$B$16, IF(AND('W&S Balance Model'!$B$15="Bi-Annual Flush (Every 2 Yrs)", MOD(7,2)=1), 'W&S Balance Model'!$B$16, IF(AND('W&S Balance Model'!$B$15="Manual Flushing Input", 7=1), 'W&S Balance Model'!$B$16, 0)))) -> 200 | H33: ='W&S Balance Model'!$F$13 -> 0.15 | I33: ='W&S Balance Model'!$F$14 -> 711 | J33: ='W&S Balance Model'!$F$5 -> 8 | K33: =IF(B33='W&S Balance Model'!$B$5, "TARGET CROP VIABLE & CULTIVATED (Optimal Production)", "RECLAMATION LEACHING IN PROGRESS WITH PIONEER CROP") -> TARGET CROP VIABLE & CULTIVATED (Optimal Production)
A34: Year 8 | B34: =IF(OR('W&S Balance Model'!P75<='W&S Balance Model'!$F$5, B33='W&S Balance Model'!$B$5), 'W&S Balance Model'!$B$5, 'W&S Balance Model'!$F$9) -> Barley | D34: ='W&S Balance Model'!P75 -> 5.056683 | E34: ='W&S Balance Model'!D81 -> 5.2102862 | F34: ='W&S Balance Model'!P81 -> 4.963516 | G34: =IF('W&S Balance Model'!$B$15="Annual Pre-Sowing Flush", 'W&S Balance Model'!$B$16, IF(AND('W&S Balance Model'!$B$15="Year 1 Reclamation Only", 8=1), 'W&S Balance Model'!$B$16, IF(AND('W&S Balance Model'!$B$15="Bi-Annual Flush (Every 2 Yrs)", MOD(8,2)=1), 'W&S Balance Model'!$B$16, IF(AND('W&S Balance Model'!$B$15="Manual Flushing Input", 8=1), 'W&S Balance Model'!$B$16, 0)))) -> 200 | H34: ='W&S Balance Model'!$F$13 -> 0.15 | I34: ='W&S Balance Model'!$F$14 -> 711 | J34: ='W&S Balance Model'!$F$5 -> 8 | K34: =IF(B34='W&S Balance Model'!$B$5, "TARGET CROP VIABLE & CULTIVATED (Optimal Production)", "RECLAMATION LEACHING IN PROGRESS WITH PIONEER CROP") -> TARGET CROP VIABLE & CULTIVATED (Optimal Production)
A35: Year 9 | B35: =IF(OR('W&S Balance Model'!P81<='W&S Balance Model'!$F$5, B34='W&S Balance Model'!$B$5), 'W&S Balance Model'!$B$5, 'W&S Balance Model'!$F$9) -> Barley | D35: ='W&S Balance Model'!P81 -> 4.963516 | E35: ='W&S Balance Model'!D87 -> 5.1377647 | F35: ='W&S Balance Model'!P87 -> 4.8998777 | G35: =IF('W&S Balance Model'!$B$15="Annual Pre-Sowing Flush", 'W&S Balance Model'!$B$16, IF(AND('W&S Balance Model'!$B$15="Year 1 Reclamation Only", 9=1), 'W&S Balance Model'!$B$16, IF(AND('W&S Balance Model'!$B$15="Bi-Annual Flush (Every 2 Yrs)", MOD(9,2)=1), 'W&S Balance Model'!$B$16, IF(AND('W&S Balance Model'!$B$15="Manual Flushing Input", 9=1), 'W&S Balance Model'!$B$16, 0)))) -> 200 | H35: ='W&S Balance Model'!$F$13 -> 0.15 | I35: ='W&S Balance Model'!$F$14 -> 711 | J35: ='W&S Balance Model'!$F$5 -> 8 | K35: =IF(B35='W&S Balance Model'!$B$5, "TARGET CROP VIABLE & CULTIVATED (Optimal Production)", "RECLAMATION LEACHING IN PROGRESS WITH PIONEER CROP") -> TARGET CROP VIABLE & CULTIVATED (Optimal Production)
A36: Year 10 | B36: =IF(OR('W&S Balance Model'!P87<='W&S Balance Model'!$F$5, B35='W&S Balance Model'!$B$5), 'W&S Balance Model'!$B$5, 'W&S Balance Model'!$F$9) -> Barley | D36: ='W&S Balance Model'!P87 -> 4.8998777 | E36: ='W&S Balance Model'!D93 -> 5.0882286 | F36: ='W&S Balance Model'!P93 -> 4.8564092 | G36: =IF('W&S Balance Model'!$B$15="Annual Pre-Sowing Flush", 'W&S Balance Model'!$B$16, IF(AND('W&S Balance Model'!$B$15="Year 1 Reclamation Only", 10=1), 'W&S Balance Model'!$B$16, IF(AND('W&S Balance Model'!$B$15="Bi-Annual Flush (Every 2 Yrs)", MOD(10,2)=1), 'W&S Balance Model'!$B$16, IF(AND('W&S Balance Model'!$B$15="Manual Flushing Input", 10=1), 'W&S Balance Model'!$B$16, 0)))) -> 200 | H36: ='W&S Balance Model'!$F$13 -> 0.15 | I36: ='W&S Balance Model'!$F$14 -> 711 | J36: ='W&S Balance Model'!$F$5 -> 8 | K36: =IF(B36='W&S Balance Model'!$B$5, "TARGET CROP VIABLE & CULTIVATED (Optimal Production)", "RECLAMATION LEACHING IN PROGRESS WITH PIONEER CROP") -> TARGET CROP VIABLE & CULTIVATED (Optimal Production)
A39: EXECUTIVE FAO-29 FLUSHING GUIDELINES & RECLAMATION STRATEGY
A40: • FAO-29 FLUSHING FREQUENCY PRINCIPLES: According to FAO Irrigation Paper 29, pre-season soil flushing can be applied as a single initial reclamation leaching (Year 1) OR as an annual/bi-annual pre-sowing leaching fraction boost. Annual pre-sowing flush is recommended when irrigation water quality (ECi) is high and off-season fallow evaporation causes recurring surface salt accumulation. • DYNAMIC CROP ROTATION & AUTOMATIC TRANSITION: As long as soil salinity (ECe) exceeds the Target Crop threshold, the system cultivates the chosen Pioneer Crop. Once soil ECe drops below the Target Crop threshold, the model automatically switches to the Target Crop for that year and all future years. • WATER QUALITY & EQUILIBRIUM CONSTRAINT: If Long-Term Equilibrium salinity (ECe,eq) exceeds the Target Crop threshold, the Target Crop CANNOT be sustained long-term with the current irrigation water quality (ECi) unless water quality is improved or leaching fraction is increased.

Sheet Soil & Climate Inputs
A1: SOIL LABORATORY TEST DATA & REGIONAL CLIMATE DATASETS
A3: 1. SOIL PHYSICAL ANALYSIS & FIELD CAPACITY ESTIMATION
A5: Soil Laboratory Test Results Available? | C5: Yes | D5: Option | E5: Select 'Yes' to use lab texture data, or 'No' for fallback default
A6: Sand Content (%) | C6: 30 | D6: % | E6: Particle size 0.05 - 2.0 mm
A7: Silt Content (%) | C7: 35 | D7: % | E7: Particle size 0.002 - 0.05 mm
A8: Clay Content (%) | C8: 35 | D8: % | E8: Particle size < 0.002 mm
A9: Soil Organic Matter (OM %) | C9: 1.5 | D9: % | E9: Organic matter content (increases FC water retention)
A10: Effective Crop Rootzone Depth D | C10: 1000 | D10: mm | E10: Total active rootzone soil depth (mm)
A11: USDA Derived Soil Texture Class | C11: =IF(C5="No", "Clay Loam (Default)", IF(C8>=40, "Clay", IF(AND(C8>=27, C6<=45), "Clay Loam", IF(C6>=52, "Sandy Loam", IF(C7>=50, "Silt Loam", "Loam"))))) -> Clay Loam | D11: Class | E11: Calculated USDA soil classification
A12: Estimated Moisture at Field Capacity (Wfc) | C12: =IF(C5="No", 360, ROUND((IF(C8>=40, 0.4, IF(AND(C8>=27, C6<=45), 0.35, IF(C6>=52, 0.2, IF(C7>=50, 0.31, 0.27)))) + C9*0.015) * (C10/1000) * 1000, 0)) -> 373 | D12: mm | E12: Calculated rootzone water depth at field capacity
A13: Manual Field Capacity Override (if no lab data) | C13: 360 | D13: mm | E13: Fallback value used if lab test is 'No'
A14: Active Rootzone Field Capacity (Wfc) Used in Model | C14: =IF(C5="Yes", C12, C13) -> 373 | D14: mm | E14: Linked directly into W&S Balance Model sheet
A17: 2. REGIONAL CLIMATE DATASETS & FAO CLIMWAT PRESETS
A18: Climate Preset / Location | B18: Parameter | C18: Oct | D18: Nov | E18: Dec | F18: Jan | G18: Feb | H18: Mar | I18: Apr | J18: May | K18: Jun | L18: Jul | M18: Aug | N18: Sep
A19: Central Iraq (Baghdad) | B19: ETo (mm) | C19: 140 | D19: 80 | E19: 55 | F19: 50 | G19: 75 | H19: 120 | I19: 180 | J19: 240 | K19: 285 | L19: 310 | M19: 280 | N19: 200
A20: Central Iraq (Baghdad) | B20: P (mm) | C20: 5 | D20: 18 | E20: 22 | F20: 28 | G20: 22 | H20: 18 | I20: 12 | J20: 3 | K20: 0 | L20: 0 | M20: 0 | N20: 0
A21: Southern Iraq (Basra) | B21: ETo (mm) | C21: 155 | D21: 90 | E21: 60 | F21: 55 | G21: 80 | H21: 130 | I21: 195 | J21: 255 | K21: 295 | L21: 320 | M21: 290 | N21: 215
A22: Southern Iraq (Basra) | B22: P (mm) | C22: 3 | D22: 15 | E22: 18 | F22: 22 | G22: 18 | H22: 14 | I22: 8 | J22: 2 | K22: 0 | L22: 0 | M22: 0 | N22: 0
A23: Northern Iraq (Erbil) | B23: ETo (mm) | C23: 115 | D23: 65 | E23: 45 | F23: 40 | G23: 55 | H23: 90 | I23: 140 | J23: 200 | K23: 255 | L23: 280 | M23: 250 | N23: 175
A24: Northern Iraq (Erbil) | B24: P (mm) | C24: 20 | D24: 45 | E24: 65 | F24: 80 | G24: 75 | H24: 60 | I24: 40 | J24: 15 | K24: 1 | L24: 0 | M24: 0 | N24: 2
A25: UAE (Al Ain) | B25: ETo (mm) | C25: 226 | D25: 145 | E25: 121 | F25: 121 | G25: 139 | H25: 200 | I25: 247 | J25: 310 | K25: 302 | L25: 313 | M25: 283 | N25: 256
A26: UAE (Al Ain) | B26: P (mm) | C26: 0 | D26: 0 | E26: 0 | F26: 3 | G26: 1 | H26: 12 | I26: 17 | J26: 6 | K26: 0 | L26: 0 | M26: 2 | N26: 2
A27: Jordan Valley (Ghor) | B27: ETo (mm) | C27: 145 | D27: 95 | E27: 65 | F27: 60 | G27: 80 | H27: 120 | I27: 170 | J27: 220 | K27: 255 | L27: 270 | M27: 240 | N27: 185
A28: Jordan Valley (Ghor) | B28: P (mm) | C28: 8 | D28: 30 | E28: 50 | F28: 65 | G28: 55 | H28: 40 | I28: 15 | J28: 3 | K28: 0 | L28: 0 | M28: 0 | N28: 0
A29: Custom Station Input | B29: ETo (mm) | C29: 140 | D29: 80 | E29: 55 | F29: 50 | G29: 75 | H29: 120 | I29: 180 | J29: 240 | K29: 280 | L29: 300 | M29: 270 | N29: 200
A30: Custom Station Input | B30: P (mm) | C30: 10 | D30: 25 | E30: 30 | F30: 35 | G30: 30 | H30: 20 | I30: 10 | J30: 5 | K30: 0 | L30: 0 | M30: 0 | N30: 0

Sheet W&S Balance Model
A1: IRAQ ROOTZONE WATER & SALT BALANCE MODEL - DECISION SUPPORT DASHBOARD
A4: 1. TARGET CROP & SCENARIO CONTROLS | E4: 2. MODEL INDICATORS & PRECISION PROJECTIONS
A5: Target Crop | B5: Barley | D5: Primary crop desired for ultimate cultivation | E5: Target Crop Yield Threshold | F5: =IF($B$6="100% Yield (0% Loss)", VLOOKUP($B$5, 'Crop Database'!$A$5:$W$34, 3, FALSE), IF($B$6="90% Yield (10% Loss)", VLOOKUP($B$5, 'Crop Database'!$A$5:$W$34, 5, FALSE), IF($B$6="75% Yield (25% Loss)", VLOOKUP($B$5, 'Crop Database'!$A$5:$W$34, 6, FALSE), VLOOKUP($B$5, 'Crop Database'!$A$5:$W$34, 7, FALSE)))) -> 8 | G5: dS/m | H5: Dynamic ECe threshold for chosen yield goal
A6: Target Yield Loss Tolerance | B6: 100% Yield (0% Loss) | D6: Acceptable yield loss tolerance level | E6: Target Crop EC_max Limit | F6: =VLOOKUP($B$5, 'Crop Database'!$A$5:$W$34, 8, FALSE) -> 28 | G6: dS/m | H6: ECe upper limit threshold (0% yield)
A7: Target Planting Month | B7: Oct | C7: Month | D7: Selected month when crop cultivation begins | E7: Target Crop Suitability Now? | F7: =IF($B$13<=F5, "SUITABLE NOW (Optimal Yield)", IF($B$13<=F6, "RESTRICTED (Yield Loss)", "UNSUITABLE NOW (Too Salty)")) -> RESTRICTED (Yield Loss) | G7: Status | H7: Immediate viability in Year 1
A8: Recommended Optimal Planting Month | B8: =VLOOKUP($B$5, 'Crop Database'!$A$5:$I$34, 9, FALSE) -> Oct | C8: Month | D8: FAO-56 lowest ETc demand planting month | E8: Estimated Target Planting Year | F8: =IF($B$13<=F5, "Year 1 (Immediate)", IF(P39<=F5, "Year 2", IF(P45<=F5, "Year 3", IF(P51<=F5, "Year 4", IF(P57<=F5, "Year 5", IF(P63<=F5, "Year 6", IF(P69<=F5, "Year 7", IF(P75<=F5, "Year 8", IF(P81<=F5, "Year 9", IF(P87<=F5, "Year 10", IF(ISNUMBER(F16), IF(F16<=F5, "Year 10+ (Leaching In Progress)", "NEVER (Equilibrium " & ROUND(F16,1) & " dS/m > Target " & ROUND(F5,1) & " dS/m)"), "UNLEACHED (No Percolation)"))))))))))) -> Year 2 | G8: Projection | H8: Calculated target planting feasibility year
A9: Interim / Pioneer Crop (if salty) | B9: [Auto-Select / Recommended Pioneer Crop] | D9: Select specific crop or keep Auto-Select | E9: Active / Resolved Pioneer Crop | F9: =IF(OR($B$9="[Auto-Select / Recommended Pioneer Crop]", $B$9=""), IF($B$13>=35, "Salicornia (Glasswort)", IF($B$13>=20, "Date Palm", IF($B$13>=12, "Rye", "Barley"))), $B$9) -> Barley | G9: Species | H9: Auto-selected or user-chosen pioneer species
A10: Active Climate Location | B10: UAE (Al Ain) | D10: FAO CLIMWAT weather preset choice | E10: Pioneer Crop Classification Rating | F10: ="Salt: " & VLOOKUP($F$9, 'Crop Database'!$A$5:$AA$34, 25, FALSE) & " | Water: " & VLOOKUP($F$9, 'Crop Database'!$A$5:$AA$34, 27, FALSE) -> Salt: Cat 2: High Salinity Tolerant | Water: Cat 3: Moderate Water Use | G10: Rating | H10: 5-category salt tolerance & water use ratings
A11: Irrigation Strategy Mode | B11: Plant & Soil Focused: Crop Demand + Leaching Fraction (Optimal) | D11: Toggle Advisory vs. Manual Schedule | E11: Crop Drought Risk & Yield Health Indicator | F11: =IF((SUM(E29:P29)+SUM(E25:P25))<SUM(E24:P24), "WARNING: SEVERE CROP DROUGHT STRESS! Total Water Inflow (" & TEXT(SUM(E29:P29)+SUM(E25:P25),"#,##0") & " mm) < Demand (" & TEXT(SUM(E24:P24),"#,##0") & " mm). Yield Loss Expected!", "OPTIMAL CROP WATER SUPPLY: 100% Crop Evapotranspiration Satisfied.") -> OPTIMAL CROP WATER SUPPLY: 100% Crop Evapotranspiration Satisfied. | G11: Health | H11: Crop drought stress & yield health status
A12: Rootzone Field Capacity (Wfc) | B12: ='Soil & Climate Inputs'!$C$14 -> 373 | C12: mm | D12: Water depth at FC in rootzone (mm) | E12: Recommended Pre-Planting Flushing Volume | F12: =IF($B$15="No Pre-Season Flushing", 0, IF($B$15="Manual Flushing Input", $B$16, MIN($B$16, MAX(0, ROUND(0.3 * 300 * ($B$13 - F5) / F5, 0))))) -> 11 | G12: mm | H12: FAO-29 pre-season leaching flush requirement
A13: Initial Soil Salinity ECe(start) | B13: 9 | C13: dS/m | D13: Measured initial saturated extract salinity (dS/m) | E13: Required Seasonal Leaching Fraction (LF) | F13: =ROUND(MIN(0.5, MAX(0.15, $B$14 / (5 * F5 - $B$14))), 3) -> 0.15 | G13: % | H13: Seasonal leaching fraction during growth
A14: Irrigation Water Salinity (ECi) | B14: 2 | C14: dS/m | D14: Salinity of available irrigation water (dS/m) | E14: Total Annual Water Demand (Itot) | F14: =SUM(E29:P29) -> 711 | G14: mm/yr | H14: Annual sum of applied irrigation water
A15: Pre-Season Soil Flushing Strategy | B15: Annual Pre-Sowing Flush | C15: Option | D15: Flushing strategy mode selection | E15: Pre-Season Flushing Water Volume Applied | F15: =F12 -> 11 | G15: mm | H15: Flushing volume added in Flushing Month
A16: Flushing Water Cap / Manual Depth | B16: 200 | C16: mm | D16: Maximum depth allowed for pre-sowing flush (mm) | E16: Long-Term Soil Salinity (ECe,eq) | F16: =IF(SUM(E31:P31)>0, ROUND((SUM(E29:P29)*$B$14)/(2*SUM(E31:P31)), 1), ROUND($B$13, 1)) -> 5 | G16: dS/m | H16: Steady-state equilibrium soil salinity
A17: Pre-Season Soil Flushing Month | B17: Sep | C17: Option | D17: Month in which pre-season flush is applied
A18: Recommended Flushing Month | B18: =IF($B$7="Oct", "Sep", IF($B$7="Nov", "Oct", IF($B$7="Dec", "Nov", IF($B$7="Jan", "Dec", IF($B$7="Feb", "Jan", IF($B$7="Mar", "Feb", IF($B$7="Apr", "Mar", IF($B$7="May", "Apr", IF($B$7="Jun", "May", IF($B$7="Jul", "Jun", IF($B$7="Aug", "Jul", "Aug"))))))))))) -> Sep | C18: Option | D18: FAO-29 1 month prior to planting month
A19: 3. MONTHLY ROOTZONE WATER BALANCE SCHEDULE & IRRIGATION CALCULATIONS
A20: Variable / Component | B20: Unit | C20: Annual Total | D20: Formula / Source | E20: Oct | F20: Nov | G20: Dec | H20: Jan | I20: Feb | J20: Mar | K20: Apr | L20: May | M20: Jun | N20: Jul | O20: Aug | P20: Sep
A21: Active Cultivated Crop | B21: Name | C21: - | D21: Selected target or resolved pioneer crop | E21: =IF($B$13<=F5, $B$5, $F$9) -> Barley | F21: =IF($B$13<=F5, $B$5, $F$9) -> Barley | G21: =IF($B$13<=F5, $B$5, $F$9) -> Barley | H21: =IF($B$13<=F5, $B$5, $F$9) -> Barley | I21: =IF($B$13<=F5, $B$5, $F$9) -> Barley | J21: =IF($B$13<=F5, $B$5, $F$9) -> Barley | K21: =IF($B$13<=F5, $B$5, $F$9) -> Barley | L21: =IF($B$13<=F5, $B$5, $F$9) -> Barley | M21: =IF($B$13<=F5, $B$5, $F$9) -> Barley | N21: =IF($B$13<=F5, $B$5, $F$9) -> Barley | O21: =IF($B$13<=F5, $B$5, $F$9) -> Barley | P21: =IF($B$13<=F5, $B$5, $F$9) -> Barley
A22: ETo (Reference Evapotranspiration) | B22: mm | C22: =SUM(E22:P22) -> 2663 | D22: Pulled from Climate Data sheet | E22: =INDEX('Soil & Climate Inputs'!$C$19:$N$30, MATCH($B$10, 'Soil & Climate Inputs'!$A$19:$A$30, 0), 1) -> 226 | F22: =INDEX('Soil & Climate Inputs'!$C$19:$N$30, MATCH($B$10, 'Soil & Climate Inputs'!$A$19:$A$30, 0), 2) -> 145 | G22: =INDEX('Soil & Climate Inputs'!$C$19:$N$30, MATCH($B$10, 'Soil & Climate Inputs'!$A$19:$A$30, 0), 3) -> 121 | H22: =INDEX('Soil & Climate Inputs'!$C$19:$N$30, MATCH($B$10, 'Soil & Climate Inputs'!$A$19:$A$30, 0), 4) -> 121 | I22: =INDEX('Soil & Climate Inputs'!$C$19:$N$30, MATCH($B$10, 'Soil & Climate Inputs'!$A$19:$A$30, 0), 5) -> 139 | J22: =INDEX('Soil & Climate Inputs'!$C$19:$N$30, MATCH($B$10, 'Soil & Climate Inputs'!$A$19:$A$30, 0), 6) -> 200 | K22: =INDEX('Soil & Climate Inputs'!$C$19:$N$30, MATCH($B$10, 'Soil & Climate Inputs'!$A$19:$A$30, 0), 7) -> 247 | L22: =INDEX('Soil & Climate Inputs'!$C$19:$N$30, MATCH($B$10, 'Soil & Climate Inputs'!$A$19:$A$30, 0), 8) -> 310 | M22: =INDEX('Soil & Climate Inputs'!$C$19:$N$30, MATCH($B$10, 'Soil & Climate Inputs'!$A$19:$A$30, 0), 9) -> 302 | N22: =INDEX('Soil & Climate Inputs'!$C$19:$N$30, MATCH($B$10, 'Soil & Climate Inputs'!$A$19:$A$30, 0), 10) -> 313 | O22: =INDEX('Soil & Climate Inputs'!$C$19:$N$30, MATCH($B$10, 'Soil & Climate Inputs'!$A$19:$A$30, 0), 11) -> 283 | P22: =INDEX('Soil & Climate Inputs'!$C$19:$N$30, MATCH($B$10, 'Soil & Climate Inputs'!$A$19:$A$30, 0), 12) -> 256
A23: Kc (Crop Coefficient) | B23: factor | C23: =AVERAGE(E23:P23) -> 0.3625 | D23: Shifted dynamically by Planting Month B7 | E23: =VLOOKUP(E21, 'Crop Database'!$A$5:$W$34, 11 + MOD(1 - 1 - (MATCH($B$7, 'Soil & Climate Inputs'!$C$18:$N$18, 0) - MATCH(VLOOKUP(E21, 'Crop Database'!$A$5:$W$34, 9, FALSE), 'Soil & Climate Inputs'!$C$18:$N$18, 0)), 12) + 1, FALSE) -> 0.3 | F23: =VLOOKUP(E21, 'Crop Database'!$A$5:$W$34, 11 + MOD(2 - 1 - (MATCH($B$7, 'Soil & Climate Inputs'!$C$18:$N$18, 0) - MATCH(VLOOKUP(E21, 'Crop Database'!$A$5:$W$34, 9, FALSE), 'Soil & Climate Inputs'!$C$18:$N$18, 0)), 12) + 1, FALSE) -> 0.7 | G23: =VLOOKUP(E21, 'Crop Database'!$A$5:$W$34, 11 + MOD(3 - 1 - (MATCH($B$7, 'Soil & Climate Inputs'!$C$18:$N$18, 0) - MATCH(VLOOKUP(E21, 'Crop Database'!$A$5:$W$34, 9, FALSE), 'Soil & Climate Inputs'!$C$18:$N$18, 0)), 12) + 1, FALSE) -> 1.15 | H23: =VLOOKUP(E21, 'Crop Database'!$A$5:$W$34, 11 + MOD(4 - 1 - (MATCH($B$7, 'Soil & Climate Inputs'!$C$18:$N$18, 0) - MATCH(VLOOKUP(E21, 'Crop Database'!$A$5:$W$34, 9, FALSE), 'Soil & Climate Inputs'!$C$18:$N$18, 0)), 12) + 1, FALSE) -> 1.15 | I23: =VLOOKUP(E21, 'Crop Database'!$A$5:$W$34, 11 + MOD(5 - 1 - (MATCH($B$7, 'Soil & Climate Inputs'!$C$18:$N$18, 0) - MATCH(VLOOKUP(E21, 'Crop Database'!$A$5:$W$34, 9, FALSE), 'Soil & Climate Inputs'!$C$18:$N$18, 0)), 12) + 1, FALSE) -> 0.75 | J23: =VLOOKUP(E21, 'Crop Database'!$A$5:$W$34, 11 + MOD(6 - 1 - (MATCH($B$7, 'Soil & Climate Inputs'!$C$18:$N$18, 0) - MATCH(VLOOKUP(E21, 'Crop Database'!$A$5:$W$34, 9, FALSE), 'Soil & Climate Inputs'!$C$18:$N$18, 0)), 12) + 1, FALSE) -> 0.3 | K23: =VLOOKUP(E21, 'Crop Database'!$A$5:$W$34, 11 + MOD(7 - 1 - (MATCH($B$7, 'Soil & Climate Inputs'!$C$18:$N$18, 0) - MATCH(VLOOKUP(E21, 'Crop Database'!$A$5:$W$34, 9, FALSE), 'Soil & Climate Inputs'!$C$18:$N$18, 0)), 12) + 1, FALSE) -> 0 | L23: =VLOOKUP(E21, 'Crop Database'!$A$5:$W$34, 11 + MOD(8 - 1 - (MATCH($B$7, 'Soil & Climate Inputs'!$C$18:$N$18, 0) - MATCH(VLOOKUP(E21, 'Crop Database'!$A$5:$W$34, 9, FALSE), 'Soil & Climate Inputs'!$C$18:$N$18, 0)), 12) + 1, FALSE) -> 0 | M23: =VLOOKUP(E21, 'Crop Database'!$A$5:$W$34, 11 + MOD(9 - 1 - (MATCH($B$7, 'Soil & Climate Inputs'!$C$18:$N$18, 0) - MATCH(VLOOKUP(E21, 'Crop Database'!$A$5:$W$34, 9, FALSE), 'Soil & Climate Inputs'!$C$18:$N$18, 0)), 12) + 1, FALSE) -> 0 | N23: =VLOOKUP(E21, 'Crop Database'!$A$5:$W$34, 11 + MOD(10 - 1 - (MATCH($B$7, 'Soil & Climate Inputs'!$C$18:$N$18, 0) - MATCH(VLOOKUP(E21, 'Crop Database'!$A$5:$W$34, 9, FALSE), 'Soil & Climate Inputs'!$C$18:$N$18, 0)), 12) + 1, FALSE) -> 0 | O23: =VLOOKUP(E21, 'Crop Database'!$A$5:$W$34, 11 + MOD(11 - 1 - (MATCH($B$7, 'Soil & Climate Inputs'!$C$18:$N$18, 0) - MATCH(VLOOKUP(E21, 'Crop Database'!$A$5:$W$34, 9, FALSE), 'Soil & Climate Inputs'!$C$18:$N$18, 0)), 12) + 1, FALSE) -> 0 | P23: =VLOOKUP(E21, 'Crop Database'!$A$5:$W$34, 11 + MOD(12 - 1 - (MATCH($B$7, 'Soil & Climate Inputs'!$C$18:$N$18, 0) - MATCH(VLOOKUP(E21, 'Crop Database'!$A$5:$W$34, 9, FALSE), 'Soil & Climate Inputs'!$C$18:$N$18, 0)), 12) + 1, FALSE) -> 0
A24: ETc (Crop Evapotranspiration Demand) | B24: mm | C24: =SUM(E24:P24) -> 611.85 | D24: ETc = ETo * Kc | E24: =E22*E23 -> 67.8 | F24: =F22*F23 -> 101.5 | G24: =G22*G23 -> 139.15 | H24: =H22*H23 -> 139.15 | I24: =I22*I23 -> 104.25 | J24: =J22*J23 -> 60 | K24: =K22*K23 -> 0 | L24: =L22*L23 -> 0 | ... P24: =P22*P23 -> 0
A25: Effective Rainfall (P) | B25: mm | C25: =SUM(E25:P25) -> 43 | D25: Pulled from Climate Data sheet | E25: =INDEX('Soil & Climate Inputs'!$C$19:$N$30, MATCH($B$10, 'Soil & Climate Inputs'!$A$19:$A$30, 0) + 1, 1) -> 0 | F25: =INDEX('Soil & Climate Inputs'!$C$19:$N$30, MATCH($B$10, 'Soil & Climate Inputs'!$A$19:$A$30, 0) + 1, 2) -> 0 | G25: =INDEX('Soil & Climate Inputs'!$C$19:$N$30, MATCH($B$10, 'Soil & Climate Inputs'!$A$19:$A$30, 0) + 1, 3) -> 0 | H25: =INDEX('Soil & Climate Inputs'!$C$19:$N$30, MATCH($B$10, 'Soil & Climate Inputs'!$A$19:$A$30, 0) + 1, 4) -> 3 | I25: =INDEX('Soil & Climate Inputs'!$C$19:$N$30, MATCH($B$10, 'Soil & Climate Inputs'!$A$19:$A$30, 0) + 1, 5) -> 1 | J25: =INDEX('Soil & Climate Inputs'!$C$19:$N$30, MATCH($B$10, 'Soil & Climate Inputs'!$A$19:$A$30, 0) + 1, 6) -> 12 | K25: =INDEX('Soil & Climate Inputs'!$C$19:$N$30, MATCH($B$10, 'Soil & Climate Inputs'!$A$19:$A$30, 0) + 1, 7) -> 17 | L25: =INDEX('Soil & Climate Inputs'!$C$19:$N$30, MATCH($B$10, 'Soil & Climate Inputs'!$A$19:$A$30, 0) + 1, 8) -> 6 | M25: =INDEX('Soil & Climate Inputs'!$C$19:$N$30, MATCH($B$10, 'Soil & Climate Inputs'!$A$19:$A$30, 0) + 1, 9) -> 0 | N25: =INDEX('Soil & Climate Inputs'!$C$19:$N$30, MATCH($B$10, 'Soil & Climate Inputs'!$A$19:$A$30, 0) + 1, 10) -> 0 | O25: =INDEX('Soil & Climate Inputs'!$C$19:$N$30, MATCH($B$10, 'Soil & Climate Inputs'!$A$19:$A$30, 0) + 1, 11) -> 2 | P25: =INDEX('Soil & Climate Inputs'!$C$19:$N$30, MATCH($B$10, 'Soil & Climate Inputs'!$A$19:$A$30, 0) + 1, 12) -> 2
A26: Net Water Deficit (ETc - P) | B26: mm | C26: =SUM(E26:P26) -> 595.85 | D26: ETc - P | E26: =MAX(0, E24-E25) -> 67.8 | F26: =MAX(0, F24-F25) -> 101.5 | G26: =MAX(0, G24-G25) -> 139.15 | H26: =MAX(0, H24-H25) -> 136.15 | I26: =MAX(0, I24-I25) -> 103.25 | J26: =MAX(0, J24-J25) -> 48 | K26: =MAX(0, K24-K25) -> 0 | L26: =MAX(0, L24-L25) -> 0 | ... P26: =MAX(0, P24-P25) -> 0
A27: Advisory Optimum Irrigation Need | B27: mm | C27: =SUM(E27:P27) -> 700 | D27: Calculated net water + LF requirement | E27: =IF($B$13>VLOOKUP(E21, 'Crop Database'!$A$5:$W$34, 8, FALSE), 0, ROUND(E26 / (1 - $F$13), 0)) -> 80 | F27: =IF(E39>VLOOKUP(F21, 'Crop Database'!$A$5:$W$34, 8, FALSE), 0, ROUND(F26 / (1 - $F$13), 0)) -> 119 | G27: =IF(F39>VLOOKUP(G21, 'Crop Database'!$A$5:$W$34, 8, FALSE), 0, ROUND(G26 / (1 - $F$13), 0)) -> 164 | H27: =IF(G39>VLOOKUP(H21, 'Crop Database'!$A$5:$W$34, 8, FALSE), 0, ROUND(H26 / (1 - $F$13), 0)) -> 160 | I27: =IF(H39>VLOOKUP(I21, 'Crop Database'!$A$5:$W$34, 8, FALSE), 0, ROUND(I26 / (1 - $F$13), 0)) -> 121 | J27: =IF(I39>VLOOKUP(J21, 'Crop Database'!$A$5:$W$34, 8, FALSE), 0, ROUND(J26 / (1 - $F$13), 0)) -> 56 | K27: =IF(J39>VLOOKUP(K21, 'Crop Database'!$A$5:$W$34, 8, FALSE), 0, ROUND(K26 / (1 - $F$13), 0)) -> 0 | L27: =IF(K39>VLOOKUP(L21, 'Crop Database'!$A$5:$W$34, 8, FALSE), 0, ROUND(L26 / (1 - $F$13), 0)) -> 0 | M27: =IF(L39>VLOOKUP(M21, 'Crop Database'!$A$5:$W$34, 8, FALSE), 0, ROUND(M26 / (1 - $F$13), 0)) -> 0 | ... P27: =IF(O39>VLOOKUP(P21, 'Crop Database'!$A$5:$W$34, 8, FALSE), 0, ROUND(P26 / (1 - $F$13), 0)) -> 0
A28: Manual Input Irrigation Schedule | B28: mm | C28: =SUM(E28:P28) -> 0 | D28: User override field testing | E28: 0 | F28: 0 | G28: 0 | H28: 0 | I28: 0 | J28: 0 | K28: 0 | L28: 0 | M28: 0 | N28: 0 | O28: 0 | P28: 0
A29: Applied Irrigation Water (I) | B29: mm | C29: =SUM(E29:P29) -> 711 | D29: Selected based on Mode + Pre-Flushing | E29: =IF(LEFT($B$11,7)="Plant &", ROUND(E26 / (1 - $F$13), 0), IF(LEFT($B$11,13)="Plant-Focused", ROUND(E26, 0), IF(LEFT($B$11,7)="Rainfed", 0, E28))) + IF(E20=$B$18, $F$15, 0) -> 80 | F29: =IF(LEFT($B$11,7)="Plant &", ROUND(F26 / (1 - $F$13), 0), IF(LEFT($B$11,13)="Plant-Focused", ROUND(F26, 0), IF(LEFT($B$11,7)="Rainfed", 0, F28))) + IF(F20=$B$18, $F$15, 0) -> 119 | G29: =IF(LEFT($B$11,7)="Plant &", ROUND(G26 / (1 - $F$13), 0), IF(LEFT($B$11,13)="Plant-Focused", ROUND(G26, 0), IF(LEFT($B$11,7)="Rainfed", 0, G28))) + IF(G20=$B$18, $F$15, 0) -> 164 | H29: =IF(LEFT($B$11,7)="Plant &", ROUND(H26 / (1 - $F$13), 0), IF(LEFT($B$11,13)="Plant-Focused", ROUND(H26, 0), IF(LEFT($B$11,7)="Rainfed", 0, H28))) + IF(H20=$B$18, $F$15, 0) -> 160 | I29: =IF(LEFT($B$11,7)="Plant &", ROUND(I26 / (1 - $F$13), 0), IF(LEFT($B$11,13)="Plant-Focused", ROUND(I26, 0), IF(LEFT($B$11,7)="Rainfed", 0, I28))) + IF(I20=$B$18, $F$15, 0) -> 121 | J29: =IF(LEFT($B$11,7)="Plant &", ROUND(J26 / (1 - $F$13), 0), IF(LEFT($B$11,13)="Plant-Focused", ROUND(J26, 0), IF(LEFT($B$11,7)="Rainfed", 0, J28))) + IF(J20=$B$18, $F$15, 0) -> 56 | K29: =IF(LEFT($B$11,7)="Plant &", ROUND(K26 / (1 - $F$13), 0), IF(LEFT($B$11,13)="Plant-Focused", ROUND(K26, 0), IF(LEFT($B$11,7)="Rainfed", 0, K28))) + IF(K20=$B$18, $F$15, 0) -> 0 | L29: =IF(LEFT($B$11,7)="Plant &", ROUND(L26 / (1 - $F$13), 0), IF(LEFT($B$11,13)="Plant-Focused", ROUND(L26, 0), IF(LEFT($B$11,7)="Rainfed", 0, L28))) + IF(L20=$B$18, $F$15, 0) -> 0 | ... P29: =IF(LEFT($B$11,7)="Plant &", ROUND(P26 / (1 - $F$13), 0), IF(LEFT($B$11,13)="Plant-Focused", ROUND(P26, 0), IF(LEFT($B$11,7)="Rainfed", 0, P28))) + IF(P20=$B$18, $F$15, 0) -> 11
A30: Rootzone Moisture Change (dW) | B30: mm | C30: =SUM(E30:P30) -> 0 | D30: Moisture storage fluctuation | E30: 0 | F30: 0 | G30: 0 | H30: 0 | I30: 0 | J30: 0 | K30: 0 | L30: 0 | M30: 0 | N30: 0 | O30: 0 | P30: 0
A31: Net Deep Percolation Leaching (R*) | B31: mm | C31: =SUM(E31:P31) -> 142.15 | D31: R* = MAX(0, I + P - ETc - dW) | E31: =MAX(0, E29+E25-E24-E30) -> 12.2 | F31: =MAX(0, F29+F25-F24-F30) -> 17.5 | G31: =MAX(0, G29+G25-G24-G30) -> 24.85 | H31: =MAX(0, H29+H25-H24-H30) -> 23.85 | I31: =MAX(0, I29+I25-I24-I30) -> 17.75 | J31: =MAX(0, J29+J25-J24-J30) -> 8 | K31: =MAX(0, K29+K25-K24-K30) -> 17 | L31: =MAX(0, L29+L25-L24-L30) -> 6 | ... P31: =MAX(0, P29+P25-P24-P30) -> 13
A34: 4. 10-YEAR SOIL SALINITY PROJECTION & SALT BALANCE TRACKING (ILRI EQUATIONS)
A35: Year / Projection Horizon | B35: Salt & Salinity Parameter | C35: Unit | D35: Annual Avg / End | E35: Formula Definition | F35: Oct | G35: Nov | H35: Dec | I35: Jan | J35: Feb | K35: Mar | L35: Apr | M35: May | N35: Jun | O35: Jul | P35: Aug | Q35: Sep
A36: Year 1 Projection | B36: Z1 (Start Salt Mass) | C36: ECmm | D36: =AVERAGE(E36:P36) -> 6260.1988 | E36: =2 * $B$13 * $B$12 -> 6714 | F36: =E38 -> 6655.359 | G36: =F38 -> 6582.8121 | H36: =G38 -> 6475.8162 | I36: =H38 -> 6384.6603 | J36: =I38 -> 6324.2695 | K36: =J38 -> 6300.8792 | L36: =K38 -> 6020.106 | M36: =L38 -> 5924.0405 | ... P36: =O38 -> 5892.3612
B37: dZ (Salt Mass Change) | C37: ECmm | D37: =SUM(E37:P37) -> -1001.862 | E37: =((IF(LEFT($B$11,7)="Plant &", ROUND(E26 / (1 - $F$13), 0), IF(LEFT($B$11,13)="Plant-Focused", ROUND(E26, 0), IF(LEFT($B$11,7)="Rainfed", 0, E28))) + IF(E20=$B$18, IF($B$15="Annual Pre-Sowing Flush", $F$12, IF(AND($B$15="Year 1 Reclamation Only", 1=1), $F$12, IF(AND($B$15="Bi-Annual Flush (Every 2 Yrs)", MOD(1,2)=1), $F$12, IF(AND($B$15="Manual Flushing Input", 1=1), $B$16, 0)))), 0))*$B$14 - (MAX(0, (IF(LEFT($B$11,7)="Plant &", ROUND(E26 / (1 - $F$13), 0), IF(LEFT($B$11,13)="Plant-Focused", ROUND(E26, 0), IF(LEFT($B$11,7)="Rainfed", 0, E28))) + IF(E20=$B$18, IF($B$15="Annual Pre-Sowing Flush", $F$12, IF(AND($B$15="Year 1 Reclamation Only", 1=1), $F$12, IF(AND($B$15="Bi-Annual Flush (Every 2 Yrs)", MOD(1,2)=1), $F$12, IF(AND($B$15="Manual Flushing Input", 1=1), $B$16, 0)))), 0)) + E25 - E24)*E36)/$B$12) / (1 + MAX(0, (IF(LEFT($B$11,7)="Plant &", ROUND(E26 / (1 - $F$13), 0), IF(LEFT($B$11,13)="Plant-Focused", ROUND(E26, 0), IF(LEFT($B$11,7)="Rainfed", 0, E28))) + IF(E20=$B$18, IF($B$15="Annual Pre-Sowing Flush", $F$12, IF(AND($B$15="Year 1 Reclamation Only", 1=1), $F$12, IF(AND($B$15="Bi-Annual Flush (Every 2 Yrs)", MOD(1,2)=1), $F$12, IF(AND($B$15="Manual Flushing Input", 1=1), $B$16, 0)))), 0)) + E25 - E24)/(2*$B$12)) -> -58.640992 | F37: =((IF(LEFT($B$11,7)="Plant &", ROUND(F26 / (1 - $F$13), 0), IF(LEFT($B$11,13)="Plant-Focused", ROUND(F26, 0), IF(LEFT($B$11,7)="Rainfed", 0, F28))) + IF(F20=$B$18, IF($B$15="Annual Pre-Sowing Flush", $F$12, IF(AND($B$15="Year 1 Reclamation Only", 1=1), $F$12, IF(AND($B$15="Bi-Annual Flush (Every 2 Yrs)", MOD(1,2)=1), $F$12, IF(AND($B$15="Manual Flushing Input", 1=1), $B$16, 0)))), 0))*$B$14 - (MAX(0, (IF(LEFT($B$11,7)="Plant &", ROUND(F26 / (1 - $F$13), 0), IF(LEFT($B$11,13)="Plant-Focused", ROUND(F26, 0), IF(LEFT($B$11,7)="Rainfed", 0, F28))) + IF(F20=$B$18, IF($B$15="Annual Pre-Sowing Flush", $F$12, IF(AND($B$15="Year 1 Reclamation Only", 1=1), $F$12, IF(AND($B$15="Bi-Annual Flush (Every 2 Yrs)", MOD(1,2)=1), $F$12, IF(AND($B$15="Manual Flushing Input", 1=1), $B$16, 0)))), 0)) + F25 - F24)*F36)/$B$12) / (1 + MAX(0, (IF(LEFT($B$11,7)="Plant &", ROUND(F26 / (1 - $F$13), 0), IF(LEFT($B$11,13)="Plant-Focused", ROUND(F26, 0), IF(LEFT($B$11,7)="Rainfed", 0, F28))) + IF(F20=$B$18, IF($B$15="Annual Pre-Sowing Flush", $F$12, IF(AND($B$15="Year 1 Reclamation Only", 1=1), $F$12, IF(AND($B$15="Bi-Annual Flush (Every 2 Yrs)", MOD(1,2)=1), $F$12, IF(AND($B$15="Manual Flushing Input", 1=1), $B$16, 0)))), 0)) + F25 - F24)/(2*$B$12)) -> -72.546909 | G37: =((IF(LEFT($B$11,7)="Plant &", ROUND(G26 / (1 - $F$13), 0), IF(LEFT($B$11,13)="Plant-Focused", ROUND(G26, 0), IF(LEFT($B$11,7)="Rainfed", 0, G28))) + IF(G20=$B$18, IF($B$15="Annual Pre-Sowing Flush", $F$12, IF(AND($B$15="Year 1 Reclamation Only", 1=1), $F$12, IF(AND($B$15="Bi-Annual Flush (Every 2 Yrs)", MOD(1,2)=1), $F$12, IF(AND($B$15="Manual Flushing Input", 1=1), $B$16, 0)))), 0))*$B$14 - (MAX(0, (IF(LEFT($B$11,7)="Plant &", ROUND(G26 / (1 - $F$13), 0), IF(LEFT($B$11,13)="Plant-Focused", ROUND(G26, 0), IF(LEFT($B$11,7)="Rainfed", 0, G28))) + IF(G20=$B$18, IF($B$15="Annual Pre-Sowing Flush", $F$12, IF(AND($B$15="Year 1 Reclamation Only", 1=1), $F$12, IF(AND($B$15="Bi-Annual Flush (Every 2 Yrs)", MOD(1,2)=1), $F$12, IF(AND($B$15="Manual Flushing Input", 1=1), $B$16, 0)))), 0)) + G25 - G24)*G36)/$B$12) / (1 + MAX(0, (IF(LEFT($B$11,7)="Plant &", ROUND(G26 / (1 - $F$13), 0), IF(LEFT($B$11,13)="Plant-Focused", ROUND(G26, 0), IF(LEFT($B$11,7)="Rainfed", 0, G28))) + IF(G20=$B$18, IF($B$15="Annual Pre-Sowing Flush", $F$12, IF(AND($B$15="Year 1 Reclamation Only", 1=1), $F$12, IF(AND($B$15="Bi-Annual Flush (Every 2 Yrs)", MOD(1,2)=1), $F$12, IF(AND($B$15="Manual Flushing Input", 1=1), $B$16, 0)))), 0)) + G25 - G24)/(2*$B$12)) -> -106.99586 | H37: =((IF(LEFT($B$11,7)="Plant &", ROUND(H26 / (1 - $F$13), 0), IF(LEFT($B$11,13)="Plant-Focused", ROUND(H26, 0), IF(LEFT($B$11,7)="Rainfed", 0, H28))) + IF(H20=$B$18, IF($B$15="Annual Pre-Sowing Flush", $F$12, IF(AND($B$15="Year 1 Reclamation Only", 1=1), $F$12, IF(AND($B$15="Bi-Annual Flush (Every 2 Yrs)", MOD(1,2)=1), $F$12, IF(AND($B$15="Manual Flushing Input", 1=1), $B$16, 0)))), 0))*$B$14 - (MAX(0, (IF(LEFT($B$11,7)="Plant &", ROUND(H26 / (1 - $F$13), 0), IF(LEFT($B$11,13)="Plant-Focused", ROUND(H26, 0), IF(LEFT($B$11,7)="Rainfed", 0, H28))) + IF(H20=$B$18, IF($B$15="Annual Pre-Sowing Flush", $F$12, IF(AND($B$15="Year 1 Reclamation Only", 1=1), $F$12, IF(AND($B$15="Bi-Annual Flush (Every 2 Yrs)", MOD(1,2)=1), $F$12, IF(AND($B$15="Manual Flushing Input", 1=1), $B$16, 0)))), 0)) + H25 - H24)*H36)/$B$12) / (1 + MAX(0, (IF(LEFT($B$11,7)="Plant &", ROUND(H26 / (1 - $F$13), 0), IF(LEFT($B$11,13)="Plant-Focused", ROUND(H26, 0), IF(LEFT($B$11,7)="Rainfed", 0, H28))) + IF(H20=$B$18, IF($B$15="Annual Pre-Sowing Flush", $F$12, IF(AND($B$15="Year 1 Reclamation Only", 1=1), $F$12, IF(AND($B$15="Bi-Annual Flush (Every 2 Yrs)", MOD(1,2)=1), $F$12, IF(AND($B$15="Manual Flushing Input", 1=1), $B$16, 0)))), 0)) + H25 - H24)/(2*$B$12)) -> -91.155984 | I37: =((IF(LEFT($B$11,7)="Plant &", ROUND(I26 / (1 - $F$13), 0), IF(LEFT($B$11,13)="Plant-Focused", ROUND(I26, 0), IF(LEFT($B$11,7)="Rainfed", 0, I28))) + IF(I20=$B$18, IF($B$15="Annual Pre-Sowing Flush", $F$12, IF(AND($B$15="Year 1 Reclamation Only", 1=1), $F$12, IF(AND($B$15="Bi-Annual Flush (Every 2 Yrs)", MOD(1,2)=1), $F$12, IF(AND($B$15="Manual Flushing Input", 1=1), $B$16, 0)))), 0))*$B$14 - (MAX(0, (IF(LEFT($B$11,7)="Plant &", ROUND(I26 / (1 - $F$13), 0), IF(LEFT($B$11,13)="Plant-Focused", ROUND(I26, 0), IF(LEFT($B$11,7)="Rainfed", 0, I28))) + IF(I20=$B$18, IF($B$15="Annual Pre-Sowing Flush", $F$12, IF(AND($B$15="Year 1 Reclamation Only", 1=1), $F$12, IF(AND($B$15="Bi-Annual Flush (Every 2 Yrs)", MOD(1,2)=1), $F$12, IF(AND($B$15="Manual Flushing Input", 1=1), $B$16, 0)))), 0)) + I25 - I24)*I36)/$B$12) / (1 + MAX(0, (IF(LEFT($B$11,7)="Plant &", ROUND(I26 / (1 - $F$13), 0), IF(LEFT($B$11,13)="Plant-Focused", ROUND(I26, 0), IF(LEFT($B$11,7)="Rainfed", 0, I28))) + IF(I20=$B$18, IF($B$15="Annual Pre-Sowing Flush", $F$12, IF(AND($B$15="Year 1 Reclamation Only", 1=1), $F$12, IF(AND($B$15="Bi-Annual Flush (Every 2 Yrs)", MOD(1,2)=1), $F$12, IF(AND($B$15="Manual Flushing Input", 1=1), $B$16, 0)))), 0)) + I25 - I24)/(2*$B$12)) -> -60.390755 | J37: =((IF(LEFT($B$11,7)="Plant &", ROUND(J26 / (1 - $F$13), 0), IF(LEFT($B$11,13)="Plant-Focused", ROUND(J26, 0), IF(LEFT($B$11,7)="Rainfed", 0, J28))) + IF(J20=$B$18, IF($B$15="Annual Pre-Sowing Flush", $F$12, IF(AND($B$15="Year 1 Reclamation Only", 1=1), $F$12, IF(AND($B$15="Bi-Annual Flush (Every 2 Yrs)", MOD(1,2)=1), $F$12, IF(AND($B$15="Manual Flushing Input", 1=1), $B$16, 0)))), 0))*$B$14 - (MAX(0, (IF(LEFT($B$11,7)="Plant &", ROUND(J26 / (1 - $F$13), 0), IF(LEFT($B$11,13)="Plant-Focused", ROUND(J26, 0), IF(LEFT($B$11,7)="Rainfed", 0, J28))) + IF(J20=$B$18, IF($B$15="Annual Pre-Sowing Flush", $F$12, IF(AND($B$15="Year 1 Reclamation Only", 1=1), $F$12, IF(AND($B$15="Bi-Annual Flush (Every 2 Yrs)", MOD(1,2)=1), $F$12, IF(AND($B$15="Manual Flushing Input", 1=1), $B$16, 0)))), 0)) + J25 - J24)*J36)/$B$12) / (1 + MAX(0, (IF(LEFT($B$11,7)="Plant &", ROUND(J26 / (1 - $F$13), 0), IF(LEFT($B$11,13)="Plant-Focused", ROUND(J26, 0), IF(LEFT($B$11,7)="Rainfed", 0, J28))) + IF(J20=$B$18, IF($B$15="Annual Pre-Sowing Flush", $F$12, IF(AND($B$15="Year 1 Reclamation Only", 1=1), $F$12, IF(AND($B$15="Bi-Annual Flush (Every 2 Yrs)", MOD(1,2)=1), $F$12, IF(AND($B$15="Manual Flushing Input", 1=1), $B$16, 0)))), 0)) + J25 - J24)/(2*$B$12)) -> -23.390334 | K37: =((IF(LEFT($B$11,7)="Plant &", ROUND(K26 / (1 - $F$13), 0), IF(LEFT($B$11,13)="Plant-Focused", ROUND(K26, 0), IF(LEFT($B$11,7)="Rainfed", 0, K28))) + IF(K20=$B$18, IF($B$15="Annual Pre-Sowing Flush", $F$12, IF(AND($B$15="Year 1 Reclamation Only", 1=1), $F$12, IF(AND($B$15="Bi-Annual Flush (Every 2 Yrs)", MOD(1,2)=1), $F$12, IF(AND($B$15="Manual Flushing Input", 1=1), $B$16, 0)))), 0))*$B$14 - (MAX(0, (IF(LEFT($B$11,7)="Plant &", ROUND(K26 / (1 - $F$13), 0), IF(LEFT($B$11,13)="Plant-Focused", ROUND(K26, 0), IF(LEFT($B$11,7)="Rainfed", 0, K28))) + IF(K20=$B$18, IF($B$15="Annual Pre-Sowing Flush", $F$12, IF(AND($B$15="Year 1 Reclamation Only", 1=1), $F$12, IF(AND($B$15="Bi-Annual Flush (Every 2 Yrs)", MOD(1,2)=1), $F$12, IF(AND($B$15="Manual Flushing Input", 1=1), $B$16, 0)))), 0)) + K25 - K24)*K36)/$B$12) / (1 + MAX(0, (IF(LEFT($B$11,7)="Plant &", ROUND(K26 / (1 - $F$13), 0), IF(LEFT($B$11,13)="Plant-Focused", ROUND(K26, 0), IF(LEFT($B$11,7)="Rainfed", 0, K28))) + IF(K20=$B$18, IF($B$15="Annual Pre-Sowing Flush", $F$12, IF(AND($B$15="Year 1 Reclamation Only", 1=1), $F$12, IF(AND($B$15="Bi-Annual Flush (Every 2 Yrs)", MOD(1,2)=1), $F$12, IF(AND($B$15="Manual Flushing Input", 1=1), $B$16, 0)))), 0)) + K25 - K24)/(2*$B$12)) -> -280.77312 | L37: =((IF(LEFT($B$11,7)="Plant &", ROUND(L26 / (1 - $F$13), 0), IF(LEFT($B$11,13)="Plant-Focused", ROUND(L26, 0), IF(LEFT($B$11,7)="Rainfed", 0, L28))) + IF(L20=$B$18, IF($B$15="Annual Pre-Sowing Flush", $F$12, IF(AND($B$15="Year 1 Reclamation Only", 1=1), $F$12, IF(AND($B$15="Bi-Annual Flush (Every 2 Yrs)", MOD(1,2)=1), $F$12, IF(AND($B$15="Manual Flushing Input", 1=1), $B$16, 0)))), 0))*$B$14 - (MAX(0, (IF(LEFT($B$11,7)="Plant &", ROUND(L26 / (1 - $F$13), 0), IF(LEFT($B$11,13)="Plant-Focused", ROUND(L26, 0), IF(LEFT($B$11,7)="Rainfed", 0, L28))) + IF(L20=$B$18, IF($B$15="Annual Pre-Sowing Flush", $F$12, IF(AND($B$15="Year 1 Reclamation Only", 1=1), $F$12, IF(AND($B$15="Bi-Annual Flush (Every 2 Yrs)", MOD(1,2)=1), $F$12, IF(AND($B$15="Manual Flushing Input", 1=1), $B$16, 0)))), 0)) + L25 - L24)*L36)/$B$12) / (1 + MAX(0, (IF(LEFT($B$11,7)="Plant &", ROUND(L26 / (1 - $F$13), 0), IF(LEFT($B$11,13)="Plant-Focused", ROUND(L26, 0), IF(LEFT($B$11,7)="Rainfed", 0, L28))) + IF(L20=$B$18, IF($B$15="Annual Pre-Sowing Flush", $F$12, IF(AND($B$15="Year 1 Reclamation Only", 1=1), $F$12, IF(AND($B$15="Bi-Annual Flush (Every 2 Yrs)", MOD(1,2)=1), $F$12, IF(AND($B$15="Manual Flushing Input", 1=1), $B$16, 0)))), 0)) + L25 - L24)/(2*$B$12)) -> -96.065522 | ... P37: =((IF(LEFT($B$11,7)="Plant &", ROUND(P26 / (1 - $F$13), 0), IF(LEFT($B$11,13)="Plant-Focused", ROUND(P26, 0), IF(LEFT($B$11,7)="Rainfed", 0, P28))) + IF(P20=$B$18, IF($B$15="Annual Pre-Sowing Flush", $F$12, IF(AND($B$15="Year 1 Reclamation Only", 1=1), $F$12, IF(AND($B$15="Bi-Annual Flush (Every 2 Yrs)", MOD(1,2)=1), $F$12, IF(AND($B$15="Manual Flushing Input", 1=1), $B$16, 0)))), 0))*$B$14 - (MAX(0, (IF(LEFT($B$11,7)="Plant &", ROUND(P26 / (1 - $F$13), 0), IF(LEFT($B$11,13)="Plant-Focused", ROUND(P26, 0), IF(LEFT($B$11,7)="Rainfed", 0, P28))) + IF(P20=$B$18, IF($B$15="Annual Pre-Sowing Flush", $F$12, IF(AND($B$15="Year 1 Reclamation Only", 1=1), $F$12, IF(AND($B$15="Bi-Annual Flush (Every 2 Yrs)", MOD(1,2)=1), $F$12, IF(AND($B$15="Manual Flushing Input", 1=1), $B$16, 0)))), 0)) + P25 - P24)*P36)/$B$12) / (1 + MAX(0, (IF(LEFT($B$11,7)="Plant &", ROUND(P26 / (1 - $F$13), 0), IF(LEFT($B$11,13)="Plant-Focused", ROUND(P26, 0), IF(LEFT($B$11,7)="Rainfed", 0, P28))) + IF(P20=$B$18, IF($B$15="Annual Pre-Sowing Flush", $F$12, IF(AND($B$15="Year 1 Reclamation Only", 1=1), $F$12, IF(AND($B$15="Bi-Annual Flush (Every 2 Yrs)", MOD(1,2)=1), $F$12, IF(AND($B$15="Manual Flushing Input", 1=1), $B$16, 0)))), 0)) + P25 - P24)/(2*$B$12)) -> -180.22318
B38: Z2 (End Salt Mass) | C38: ECmm | D38: =AVERAGE(E38:P38) -> 6176.7102 | E38: =E36 + E37 -> 6655.359 | F38: =F36 + F37 -> 6582.8121 | G38: =G36 + G37 -> 6475.8162 | H38: =H36 + H37 -> 6384.6603 | I38: =I36 + I37 -> 6324.2695 | J38: =J36 + J37 -> 6300.8792 | K38: =K36 + K37 -> 6020.106 | L38: =L36 + L37 -> 5924.0405 | ... P38: =P36 + P37 -> 5712.138
B39: ECe (Soil Extract Salinity) | C39: dS/m | D39: =AVERAGE(E39:P39) -> 8.2797725 | E39: =E38 / (2 * $B$12) -> 8.9213928 | F39: =F38 / (2 * $B$12) -> 8.8241449 | G39: =G38 / (2 * $B$12) -> 8.6807188 | H39: =H38 / (2 * $B$12) -> 8.5585258 | I39: =I38 / (2 * $B$12) -> 8.4775731 | J39: =J38 / (2 * $B$12) -> 8.4462187 | K39: =K38 / (2 * $B$12) -> 8.0698472 | L39: =L38 / (2 * $B$12) -> 7.9410731 | ... P39: =P38 / (2 * $B$12) -> 7.6570214
A42: Year 2 Projection | B42: Z1 (Start Salt Mass) | C42: ECmm | D42: =AVERAGE(E42:P42) -> 5453.886 | E42: =P38 -> 5712.138 | F42: =E44 -> 5685.7384 | G42: =F44 -> 5657.6404 | H42: =G44 -> 5610.2943 | I42: =H44 -> 5572.7661 | J42: =I44 -> 5550.1132 | K42: =J44 -> 5543.1506 | L42: =K44 -> 5296.1426 | M42: =L44 -> 5211.6296 | ... P42: =O44 -> 5183.76
B43: dZ (Salt Mass Change) | C43: ECmm | D43: =SUM(E43:P43) -> -684.32764 | E43: =((IF(LEFT($B$11,7)="Plant &", ROUND(E26 / (1 - $F$13), 0), IF(LEFT($B$11,13)="Plant-Focused", ROUND(E26, 0), IF(LEFT($B$11,7)="Rainfed", 0, E28))) + IF(E20=$B$18, IF($B$15="Annual Pre-Sowing Flush", $F$12, IF(AND($B$15="Year 1 Reclamation Only", 2=1), $F$12, IF(AND($B$15="Bi-Annual Flush (Every 2 Yrs)", MOD(2,2)=1), $F$12, IF(AND($B$15="Manual Flushing Input", 2=1), $B$16, 0)))), 0))*$B$14 - (MAX(0, (IF(LEFT($B$11,7)="Plant &", ROUND(E26 / (1 - $F$13), 0), IF(LEFT($B$11,13)="Plant-Focused", ROUND(E26, 0), IF(LEFT($B$11,7)="Rainfed", 0, E28))) + IF(E20=$B$18, IF($B$15="Annual Pre-Sowing Flush", $F$12, IF(AND($B$15="Year 1 Reclamation Only", 2=1), $F$12, IF(AND($B$15="Bi-Annual Flush (Every 2 Yrs)", MOD(2,2)=1), $F$12, IF(AND($B$15="Manual Flushing Input", 2=1), $B$16, 0)))), 0)) + E25 - E24)*E42)/$B$12) / (1 + MAX(0, (IF(LEFT($B$11,7)="Plant &", ROUND(E26 / (1 - $F$13), 0), IF(LEFT($B$11,13)="Plant-Focused", ROUND(E26, 0), IF(LEFT($B$11,7)="Rainfed", 0, E28))) + IF(E20=$B$18, IF($B$15="Annual Pre-Sowing Flush", $F$12, IF(AND($B$15="Year 1 Reclamation Only", 2=1), $F$12, IF(AND($B$15="Bi-Annual Flush (Every 2 Yrs)", MOD(2,2)=1), $F$12, IF(AND($B$15="Manual Flushing Input", 2=1), $B$16, 0)))), 0)) + E25 - E24)/(2*$B$12)) -> -26.399587 | F43: =((IF(LEFT($B$11,7)="Plant &", ROUND(F26 / (1 - $F$13), 0), IF(LEFT($B$11,13)="Plant-Focused", ROUND(F26, 0), IF(LEFT($B$11,7)="Rainfed", 0, F28))) + IF(F20=$B$18, IF($B$15="Annual Pre-Sowing Flush", $F$12, IF(AND($B$15="Year 1 Reclamation Only", 2=1), $F$12, IF(AND($B$15="Bi-Annual Flush (Every 2 Yrs)", MOD(2,2)=1), $F$12, IF(AND($B$15="Manual Flushing Input", 2=1), $B$16, 0)))), 0))*$B$14 - (MAX(0, (IF(LEFT($B$11,7)="Plant &", ROUND(F26 / (1 - $F$13), 0), IF(LEFT($B$11,13)="Plant-Focused", ROUND(F26, 0), IF(LEFT($B$11,7)="Rainfed", 0, F28))) + IF(F20=$B$18, IF($B$15="Annual Pre-Sowing Flush", $F$12, IF(AND($B$15="Year 1 Reclamation Only", 2=1), $F$12, IF(AND($B$15="Bi-Annual Flush (Every 2 Yrs)", MOD(2,2)=1), $F$12, IF(AND($B$15="Manual Flushing Input", 2=1), $B$16, 0)))), 0)) + F25 - F24)*F42)/$B$12) / (1 + MAX(0, (IF(LEFT($B$11,7)="Plant &", ROUND(F26 / (1 - $F$13), 0), IF(LEFT($B$11,13)="Plant-Focused", ROUND(F26, 0), IF(LEFT($B$11,7)="Rainfed", 0, F28))) + IF(F20=$B$18, IF($B$15="Annual Pre-Sowing Flush", $F$12, IF(AND($B$15="Year 1 Reclamation Only", 2=1), $F$12, IF(AND($B$15="Bi-Annual Flush (Every 2 Yrs)", MOD(2,2)=1), $F$12, IF(AND($B$15="Manual Flushing Input", 2=1), $B$16, 0)))), 0)) + F25 - F24)/(2*$B$12)) -> -28.098027 | G43: =((IF(LEFT($B$11,7)="Plant &", ROUND(G26 / (1 - $F$13), 0), IF(LEFT($B$11,13)="Plant-Focused", ROUND(G26, 0), IF(LEFT($B$11,7)="Rainfed", 0, G28))) + IF(G20=$B$18, IF($B$15="Annual Pre-Sowing Flush", $F$12, IF(AND($B$15="Year 1 Reclamation Only", 2=1), $F$12, IF(AND($B$15="Bi-Annual Flush (Every 2 Yrs)", MOD(2,2)=1), $F$12, IF(AND($B$15="Manual Flushing Input", 2=1), $B$16, 0)))), 0))*$B$14 - (MAX(0, (IF(LEFT($B$11,7)="Plant &", ROUND(G26 / (1 - $F$13), 0), IF(LEFT($B$11,13)="Plant-Focused", ROUND(G26, 0), IF(LEFT($B$11,7)="Rainfed", 0, G28))) + IF(G20=$B$18, IF($B$15="Annual Pre-Sowing Flush", $F$12, IF(AND($B$15="Year 1 Reclamation Only", 2=1), $F$12, IF(AND($B$15="Bi-Annual Flush (Every 2 Yrs)", MOD(2,2)=1), $F$12, IF(AND($B$15="Manual Flushing Input", 2=1), $B$16, 0)))), 0)) + G25 - G24)*G42)/$B$12) / (1 + MAX(0, (IF(LEFT($B$11,7)="Plant &", ROUND(G26 / (1 - $F$13), 0), IF(LEFT($B$11,13)="Plant-Focused", ROUND(G26, 0), IF(LEFT($B$11,7)="Rainfed", 0, G28))) + IF(G20=$B$18, IF($B$15="Annual Pre-Sowing Flush", $F$12, IF(AND($B$15="Year 1 Reclamation Only", 2=1), $F$12, IF(AND($B$15="Bi-Annual Flush (Every 2 Yrs)", MOD(2,2)=1), $F$12, IF(AND($B$15="Manual Flushing Input", 2=1), $B$16, 0)))), 0)) + G25 - G24)/(2*$B$12)) -> -47.346081 | H43: =((IF(LEFT($B$11,7)="Plant &", ROUND(H26 / (1 - $F$13), 0), IF(LEFT($B$11,13)="Plant-Focused", ROUND(H26, 0), IF(LEFT($B$11,7)="Rainfed", 0, H28))) + IF(H20=$B$18, IF($B$15="Annual Pre-Sowing Flush", $F$12, IF(AND($B$15="Year 1 Reclamation Only", 2=1), $F$12, IF(AND($B$15="Bi-Annual Flush (Every 2 Yrs)", MOD(2,2)=1), $F$12, IF(AND($B$15="Manual Flushing Input", 2=1), $B$16, 0)))), 0))*$B$14 - (MAX(0, (IF(LEFT($B$11,7)="Plant &", ROUND(H26 / (1 - $F$13), 0), IF(LEFT($B$11,13)="Plant-Focused", ROUND(H26, 0), IF(LEFT($B$11,7)="Rainfed", 0, H28))) + IF(H20=$B$18, IF($B$15="Annual Pre-Sowing Flush", $F$12, IF(AND($B$15="Year 1 Reclamation Only", 2=1), $F$12, IF(AND($B$15="Bi-Annual Flush (Every 2 Yrs)", MOD(2,2)=1), $F$12, IF(AND($B$15="Manual Flushing Input", 2=1), $B$16, 0)))), 0)) + H25 - H24)*H42)/$B$12) / (1 + MAX(0, (IF(LEFT($B$11,7)="Plant &", ROUND(H26 / (1 - $F$13), 0), IF(LEFT($B$11,13)="Plant-Focused", ROUND(H26, 0), IF(LEFT($B$11,7)="Rainfed", 0, H28))) + IF(H20=$B$18, IF($B$15="Annual Pre-Sowing Flush", $F$12, IF(AND($B$15="Year 1 Reclamation Only", 2=1), $F$12, IF(AND($B$15="Bi-Annual Flush (Every 2 Yrs)", MOD(2,2)=1), $F$12, IF(AND($B$15="Manual Flushing Input", 2=1), $B$16, 0)))), 0)) + H25 - H24)/(2*$B$12)) -> -37.528139 | I43: =((IF(LEFT($B$11,7)="Plant &", ROUND(I26 / (1 - $F$13), 0), IF(LEFT($B$11,13)="Plant-Focused", ROUND(I26, 0), IF(LEFT($B$11,7)="Rainfed", 0, I28))) + IF(I20=$B$18, IF($B$15="Annual Pre-Sowing Flush", $F$12, IF(AND($B$15="Year 1 Reclamation Only", 2=1), $F$12, IF(AND($B$15="Bi-Annual Flush (Every 2 Yrs)", MOD(2,2)=1), $F$12, IF(AND($B$15="Manual Flushing Input", 2=1), $B$16, 0)))), 0))*$B$14 - (MAX(0, (IF(LEFT($B$11,7)="Plant &", ROUND(I26 / (1 - $F$13), 0), IF(LEFT($B$11,13)="Plant-Focused", ROUND(I26, 0), IF(LEFT($B$11,7)="Rainfed", 0, I28))) + IF(I20=$B$18, IF($B$15="Annual Pre-Sowing Flush", $F$12, IF(AND($B$15="Year 1 Reclamation Only", 2=1), $F$12, IF(AND($B$15="Bi-Annual Flush (Every 2 Yrs)", MOD(2,2)=1), $F$12, IF(AND($B$15="Manual Flushing Input", 2=1), $B$16, 0)))), 0)) + I25 - I24)*I42)/$B$12) / (1 + MAX(0, (IF(LEFT($B$11,7)="Plant &", ROUND(I26 / (1 - $F$13), 0), IF(LEFT($B$11,13)="Plant-Focused", ROUND(I26, 0), IF(LEFT($B$11,7)="Rainfed", 0, I28))) + IF(I20=$B$18, IF($B$15="Annual Pre-Sowing Flush", $F$12, IF(AND($B$15="Year 1 Reclamation Only", 2=1), $F$12, IF(AND($B$15="Bi-Annual Flush (Every 2 Yrs)", MOD(2,2)=1), $F$12, IF(AND($B$15="Manual Flushing Input", 2=1), $B$16, 0)))), 0)) + I25 - I24)/(2*$B$12)) -> -22.65296 | J43: =((IF(LEFT($B$11,7)="Plant &", ROUND(J26 / (1 - $F$13), 0), IF(LEFT($B$11,13)="Plant-Focused", ROUND(J26, 0), IF(LEFT($B$11,7)="Rainfed", 0, J28))) + IF(J20=$B$18, IF($B$15="Annual Pre-Sowing Flush", $F$12, IF(AND($B$15="Year 1 Reclamation Only", 2=1), $F$12, IF(AND($B$15="Bi-Annual Flush (Every 2 Yrs)", MOD(2,2)=1), $F$12, IF(AND($B$15="Manual Flushing Input", 2=1), $B$16, 0)))), 0))*$B$14 - (MAX(0, (IF(LEFT($B$11,7)="Plant &", ROUND(J26 / (1 - $F$13), 0), IF(LEFT($B$11,13)="Plant-Focused", ROUND(J26, 0), IF(LEFT($B$11,7)="Rainfed", 0, J28))) + IF(J20=$B$18, IF($B$15="Annual Pre-Sowing Flush", $F$12, IF(AND($B$15="Year 1 Reclamation Only", 2=1), $F$12, IF(AND($B$15="Bi-Annual Flush (Every 2 Yrs)", MOD(2,2)=1), $F$12, IF(AND($B$15="Manual Flushing Input", 2=1), $B$16, 0)))), 0)) + J25 - J24)*J42)/$B$12) / (1 + MAX(0, (IF(LEFT($B$11,7)="Plant &", ROUND(J26 / (1 - $F$13), 0), IF(LEFT($B$11,13)="Plant-Focused", ROUND(J26, 0), IF(LEFT($B$11,7)="Rainfed", 0, J28))) + IF(J20=$B$18, IF($B$15="Annual Pre-Sowing Flush", $F$12, IF(AND($B$15="Year 1 Reclamation Only", 2=1), $F$12, IF(AND($B$15="Bi-Annual Flush (Every 2 Yrs)", MOD(2,2)=1), $F$12, IF(AND($B$15="Manual Flushing Input", 2=1), $B$16, 0)))), 0)) + J25 - J24)/(2*$B$12)) -> -6.9626141 | K43: =((IF(LEFT($B$11,7)="Plant &", ROUND(K26 / (1 - $F$13), 0), IF(LEFT($B$11,13)="Plant-Focused", ROUND(K26, 0), IF(LEFT($B$11,7)="Rainfed", 0, K28))) + IF(K20=$B$18, IF($B$15="Annual Pre-Sowing Flush", $F$12, IF(AND($B$15="Year 1 Reclamation Only", 2=1), $F$12, IF(AND($B$15="Bi-Annual Flush (Every 2 Yrs)", MOD(2,2)=1), $F$12, IF(AND($B$15="Manual Flushing Input", 2=1), $B$16, 0)))), 0))*$B$14 - (MAX(0, (IF(LEFT($B$11,7)="Plant &", ROUND(K26 / (1 - $F$13), 0), IF(LEFT($B$11,13)="Plant-Focused", ROUND(K26, 0), IF(LEFT($B$11,7)="Rainfed", 0, K28))) + IF(K20=$B$18, IF($B$15="Annual Pre-Sowing Flush", $F$12, IF(AND($B$15="Year 1 Reclamation Only", 2=1), $F$12, IF(AND($B$15="Bi-Annual Flush (Every 2 Yrs)", MOD(2,2)=1), $F$12, IF(AND($B$15="Manual Flushing Input", 2=1), $B$16, 0)))), 0)) + K25 - K24)*K42)/$B$12) / (1 + MAX(0, (IF(LEFT($B$11,7)="Plant &", ROUND(K26 / (1 - $F$13), 0), IF(LEFT($B$11,13)="Plant-Focused", ROUND(K26, 0), IF(LEFT($B$11,7)="Rainfed", 0, K28))) + IF(K20=$B$18, IF($B$15="Annual Pre-Sowing Flush", $F$12, IF(AND($B$15="Year 1 Reclamation Only", 2=1), $F$12, IF(AND($B$15="Bi-Annual Flush (Every 2 Yrs)", MOD(2,2)=1), $F$12, IF(AND($B$15="Manual Flushing Input", 2=1), $B$16, 0)))), 0)) + K25 - K24)/(2*$B$12)) -> -247.00802 | L43: =((IF(LEFT($B$11,7)="Plant &", ROUND(L26 / (1 - $F$13), 0), IF(LEFT($B$11,13)="Plant-Focused", ROUND(L26, 0), IF(LEFT($B$11,7)="Rainfed", 0, L28))) + IF(L20=$B$18, IF($B$15="Annual Pre-Sowing Flush", $F$12, IF(AND($B$15="Year 1 Reclamation Only", 2=1), $F$12, IF(AND($B$15="Bi-Annual Flush (Every 2 Yrs)", MOD(2,2)=1), $F$12, IF(AND($B$15="Manual Flushing Input", 2=1), $B$16, 0)))), 0))*$B$14 - (MAX(0, (IF(LEFT($B$11,7)="Plant &", ROUND(L26 / (1 - $F$13), 0), IF(LEFT($B$11,13)="Plant-Focused", ROUND(L26, 0), IF(LEFT($B$11,7)="Rainfed", 0, L28))) + IF(L20=$B$18, IF($B$15="Annual Pre-Sowing Flush", $F$12, IF(AND($B$15="Year 1 Reclamation Only", 2=1), $F$12, IF(AND($B$15="Bi-Annual Flush (Every 2 Yrs)", MOD(2,2)=1), $F$12, IF(AND($B$15="Manual Flushing Input", 2=1), $B$16, 0)))), 0)) + L25 - L24)*L42)/$B$12) / (1 + MAX(0, (IF(LEFT($B$11,7)="Plant &", ROUND(L26 / (1 - $F$13), 0), IF(LEFT($B$11,13)="Plant-Focused", ROUND(L26, 0), IF(LEFT($B$11,7)="Rainfed", 0, L28))) + IF(L20=$B$18, IF($B$15="Annual Pre-Sowing Flush", $F$12, IF(AND($B$15="Year 1 Reclamation Only", 2=1), $F$12, IF(AND($B$15="Bi-Annual Flush (Every 2 Yrs)", MOD(2,2)=1), $F$12, IF(AND($B$15="Manual Flushing Input", 2=1), $B$16, 0)))), 0)) + L25 - L24)/(2*$B$12)) -> -84.512913 | ... P43: =((IF(LEFT($B$11,7)="Plant &", ROUND(P26 / (1 - $F$13), 0), IF(LEFT($B$11,13)="Plant-Focused", ROUND(P26, 0), IF(LEFT($B$11,7)="Rainfed", 0, P28))) + IF(P20=$B$18, IF($B$15="Annual Pre-Sowing Flush", $F$12, IF(AND($B$15="Year 1 Reclamation Only", 2=1), $F$12, IF(AND($B$15="Bi-Annual Flush (Every 2 Yrs)", MOD(2,2)=1), $F$12, IF(AND($B$15="Manual Flushing Input", 2=1), $B$16, 0)))), 0))*$B$14 - (MAX(0, (IF(LEFT($B$11,7)="Plant &", ROUND(P26 / (1 - $F$13), 0), IF(LEFT($B$11,13)="Plant-Focused", ROUND(P26, 0), IF(LEFT($B$11,7)="Rainfed", 0, P28))) + IF(P20=$B$18, IF($B$15="Annual Pre-Sowing Flush", $F$12, IF(AND($B$15="Year 1 Reclamation Only", 2=1), $F$12, IF(AND($B$15="Bi-Annual Flush (Every 2 Yrs)", MOD(2,2)=1), $F$12, IF(AND($B$15="Manual Flushing Input", 2=1), $B$16, 0)))), 0)) + P25 - P24)*P42)/$B$12) / (1 + MAX(0, (IF(LEFT($B$11,7)="Plant &", ROUND(P26 / (1 - $F$13), 0), IF(LEFT($B$11,13)="Plant-Focused", ROUND(P26, 0), IF(LEFT($B$11,7)="Rainfed", 0, P28))) + IF(P20=$B$18, IF($B$15="Annual Pre-Sowing Flush", $F$12, IF(AND($B$15="Year 1 Reclamation Only", 2=1), $F$12, IF(AND($B$15="Bi-Annual Flush (Every 2 Yrs)", MOD(2,2)=1), $F$12, IF(AND($B$15="Manual Flushing Input", 2=1), $B$16, 0)))), 0)) + P25 - P24)/(2*$B$12)) -> -155.94962
B44: Z2 (End Salt Mass) | C44: ECmm | D44: =AVERAGE(E44:P44) -> 5396.8587 | E44: =E42 + E43 -> 5685.7384 | F44: =F42 + F43 -> 5657.6404 | G44: =G42 + G43 -> 5610.2943 | H44: =H42 + H43 -> 5572.7661 | I44: =I42 + I43 -> 5550.1132 | J44: =J42 + J43 -> 5543.1506 | K44: =K42 + K43 -> 5296.1426 | L44: =L42 + L43 -> 5211.6296 | ... P44: =P42 + P43 -> 5027.8103
B45: ECe (Soil Extract Salinity) | C45: dS/m | D45: =AVERAGE(E45:P45) -> 7.2343951 | E45: =E44 / (2 * $B$12) -> 7.6216332 | F45: =F44 / (2 * $B$12) -> 7.5839683 | G45: =G44 / (2 * $B$12) -> 7.5205017 | H45: =H44 / (2 * $B$12) -> 7.4701959 | I45: =I44 / (2 * $B$12) -> 7.43983 | J45: =J44 / (2 * $B$12) -> 7.4304967 | K45: =K44 / (2 * $B$12) -> 7.0993868 | L45: =L44 / (2 * $B$12) -> 6.9860987 | ... P45: =P44 / (2 * $B$12) -> 6.7396922
A48: Year 3 Projection | B48: Z1 (Start Salt Mass) | C48: ECmm | D48: =AVERAGE(E48:P48) -> 4903.1295 | E48: =P44 -> 5027.8103 | F48: =E50 -> 5023.4334 | G48: =F50 -> 5025.6965 | H48: =G50 -> 5019.0945 | I48: =H50 -> 5018.1972 | J48: =I50 -> 5021.3213 | K48: =J50 -> 5025.5797 | L48: =K50 -> 4801.6351 | M48: =L50 -> 4725.0133 | ... P48: =O50 -> 4699.7458
B49: dZ (Salt Mass Change) | C49: ECmm | D49: =SUM(E49:P49) -> -467.43394 | E49: =((IF(LEFT($B$11,7)="Plant &", ROUND(E26 / (1 - $F$13), 0), IF(LEFT($B$11,13)="Plant-Focused", ROUND(E26, 0), IF(LEFT($B$11,7)="Rainfed", 0, E28))) + IF(E20=$B$18, IF($B$15="Annual Pre-Sowing Flush", $F$12, IF(AND($B$15="Year 1 Reclamation Only", 3=1), $F$12, IF(AND($B$15="Bi-Annual Flush (Every 2 Yrs)", MOD(3,2)=1), $F$12, IF(AND($B$15="Manual Flushing Input", 3=1), $B$16, 0)))), 0))*$B$14 - (MAX(0, (IF(LEFT($B$11,7)="Plant &", ROUND(E26 / (1 - $F$13), 0), IF(LEFT($B$11,13)="Plant-Focused", ROUND(E26, 0), IF(LEFT($B$11,7)="Rainfed", 0, E28))) + IF(E20=$B$18, IF($B$15="Annual Pre-Sowing Flush", $F$12, IF(AND($B$15="Year 1 Reclamation Only", 3=1), $F$12, IF(AND($B$15="Bi-Annual Flush (Every 2 Yrs)", MOD(3,2)=1), $F$12, IF(AND($B$15="Manual Flushing Input", 3=1), $B$16, 0)))), 0)) + E25 - E24)*E48)/$B$12) / (1 + MAX(0, (IF(LEFT($B$11,7)="Plant &", ROUND(E26 / (1 - $F$13), 0), IF(LEFT($B$11,13)="Plant-Focused", ROUND(E26, 0), IF(LEFT($B$11,7)="Rainfed", 0, E28))) + IF(E20=$B$18, IF($B$15="Annual Pre-Sowing Flush", $F$12, IF(AND($B$15="Year 1 Reclamation Only", 3=1), $F$12, IF(AND($B$15="Bi-Annual Flush (Every 2 Yrs)", MOD(3,2)=1), $F$12, IF(AND($B$15="Manual Flushing Input", 3=1), $B$16, 0)))), 0)) + E25 - E24)/(2*$B$12)) -> -4.3769091 | F49: =((IF(LEFT($B$11,7)="Plant &", ROUND(F26 / (1 - $F$13), 0), IF(LEFT($B$11,13)="Plant-Focused", ROUND(F26, 0), IF(LEFT($B$11,7)="Rainfed", 0, F28))) + IF(F20=$B$18, IF($B$15="Annual Pre-Sowing Flush", $F$12, IF(AND($B$15="Year 1 Reclamation Only", 3=1), $F$12, IF(AND($B$15="Bi-Annual Flush (Every 2 Yrs)", MOD(3,2)=1), $F$12, IF(AND($B$15="Manual Flushing Input", 3=1), $B$16, 0)))), 0))*$B$14 - (MAX(0, (IF(LEFT($B$11,7)="Plant &", ROUND(F26 / (1 - $F$13), 0), IF(LEFT($B$11,13)="Plant-Focused", ROUND(F26, 0), IF(LEFT($B$11,7)="Rainfed", 0, F28))) + IF(F20=$B$18, IF($B$15="Annual Pre-Sowing Flush", $F$12, IF(AND($B$15="Year 1 Reclamation Only", 3=1), $F$12, IF(AND($B$15="Bi-Annual Flush (Every 2 Yrs)", MOD(3,2)=1), $F$12, IF(AND($B$15="Manual Flushing Input", 3=1), $B$16, 0)))), 0)) + F25 - F24)*F48)/$B$12) / (1 + MAX(0, (IF(LEFT($B$11,7)="Plant &", ROUND(F26 / (1 - $F$13), 0), IF(LEFT($B$11,13)="Plant-Focused", ROUND(F26, 0), IF(LEFT($B$11,7)="Rainfed", 0, F28))) + IF(F20=$B$18, IF($B$15="Annual Pre-Sowing Flush", $F$12, IF(AND($B$15="Year 1 Reclamation Only", 3=1), $F$12, IF(AND($B$15="Bi-Annual Flush (Every 2 Yrs)", MOD(3,2)=1), $F$12, IF(AND($B$15="Manual Flushing Input", 3=1), $B$16, 0)))), 0)) + F25 - F24)/(2*$B$12)) -> 2.2630382 | G49: =((IF(LEFT($B$11,7)="Plant &", ROUND(G26 / (1 - $F$13), 0), IF(LEFT($B$11,13)="Plant-Focused", ROUND(G26, 0), IF(LEFT($B$11,7)="Rainfed", 0, G28))) + IF(G20=$B$18, IF($B$15="Annual Pre-Sowing Flush", $F$12, IF(AND($B$15="Year 1 Reclamation Only", 3=1), $F$12, IF(AND($B$15="Bi-Annual Flush (Every 2 Yrs)", MOD(3,2)=1), $F$12, IF(AND($B$15="Manual Flushing Input", 3=1), $B$16, 0)))), 0))*$B$14 - (MAX(0, (IF(LEFT($B$11,7)="Plant &", ROUND(G26 / (1 - $F$13), 0), IF(LEFT($B$11,13)="Plant-Focused", ROUND(G26, 0), IF(LEFT($B$11,7)="Rainfed", 0, G28))) + IF(G20=$B$18, IF($B$15="Annual Pre-Sowing Flush", $F$12, IF(AND($B$15="Year 1 Reclamation Only", 3=1), $F$12, IF(AND($B$15="Bi-Annual Flush (Every 2 Yrs)", MOD(3,2)=1), $F$12, IF(AND($B$15="Manual Flushing Input", 3=1), $B$16, 0)))), 0)) + G25 - G24)*G48)/$B$12) / (1 + MAX(0, (IF(LEFT($B$11,7)="Plant &", ROUND(G26 / (1 - $F$13), 0), IF(LEFT($B$11,13)="Plant-Focused", ROUND(G26, 0), IF(LEFT($B$11,7)="Rainfed", 0, G28))) + IF(G20=$B$18, IF($B$15="Annual Pre-Sowing Flush", $F$12, IF(AND($B$15="Year 1 Reclamation Only", 3=1), $F$12, IF(AND($B$15="Bi-Annual Flush (Every 2 Yrs)", MOD(3,2)=1), $F$12, IF(AND($B$15="Manual Flushing Input", 3=1), $B$16, 0)))), 0)) + G25 - G24)/(2*$B$12)) -> -6.6019522 | H49: =((IF(LEFT($B$11,7)="Plant &", ROUND(H26 / (1 - $F$13), 0), IF(LEFT($B$11,13)="Plant-Focused", ROUND(H26, 0), IF(LEFT($B$11,7)="Rainfed", 0, H28))) + IF(H20=$B$18, IF($B$15="Annual Pre-Sowing Flush", $F$12, IF(AND($B$15="Year 1 Reclamation Only", 3=1), $F$12, IF(AND($B$15="Bi-Annual Flush (Every 2 Yrs)", MOD(3,2)=1), $F$12, IF(AND($B$15="Manual Flushing Input", 3=1), $B$16, 0)))), 0))*$B$14 - (MAX(0, (IF(LEFT($B$11,7)="Plant &", ROUND(H26 / (1 - $F$13), 0), IF(LEFT($B$11,13)="Plant-Focused", ROUND(H26, 0), IF(LEFT($B$11,7)="Rainfed", 0, H28))) + IF(H20=$B$18, IF($B$15="Annual Pre-Sowing Flush", $F$12, IF(AND($B$15="Year 1 Reclamation Only", 3=1), $F$12, IF(AND($B$15="Bi-Annual Flush (Every 2 Yrs)", MOD(3,2)=1), $F$12, IF(AND($B$15="Manual Flushing Input", 3=1), $B$16, 0)))), 0)) + H25 - H24)*H48)/$B$12) / (1 + MAX(0, (IF(LEFT($B$11,7)="Plant &", ROUND(H26 / (1 - $F$13), 0), IF(LEFT($B$11,13)="Plant-Focused", ROUND(H26, 0), IF(LEFT($B$11,7)="Rainfed", 0, H28))) + IF(H20=$B$18, IF($B$15="Annual Pre-Sowing Flush", $F$12, IF(AND($B$15="Year 1 Reclamation Only", 3=1), $F$12, IF(AND($B$15="Bi-Annual Flush (Every 2 Yrs)", MOD(3,2)=1), $F$12, IF(AND($B$15="Manual Flushing Input", 3=1), $B$16, 0)))), 0)) + H25 - H24)/(2*$B$12)) -> -0.89732911 | I49: =((IF(LEFT($B$11,7)="Plant &", ROUND(I26 / (1 - $F$13), 0), IF(LEFT($B$11,13)="Plant-Focused", ROUND(I26, 0), IF(LEFT($B$11,7)="Rainfed", 0, I28))) + IF(I20=$B$18, IF($B$15="Annual Pre-Sowing Flush", $F$12, IF(AND($B$15="Year 1 Reclamation Only", 3=1), $F$12, IF(AND($B$15="Bi-Annual Flush (Every 2 Yrs)", MOD(3,2)=1), $F$12, IF(AND($B$15="Manual Flushing Input", 3=1), $B$16, 0)))), 0))*$B$14 - (MAX(0, (IF(LEFT($B$11,7)="Plant &", ROUND(I26 / (1 - $F$13), 0), IF(LEFT($B$11,13)="Plant-Focused", ROUND(I26, 0), IF(LEFT($B$11,7)="Rainfed", 0, I28))) + IF(I20=$B$18, IF($B$15="Annual Pre-Sowing Flush", $F$12, IF(AND($B$15="Year 1 Reclamation Only", 3=1), $F$12, IF(AND($B$15="Bi-Annual Flush (Every 2 Yrs)", MOD(3,2)=1), $F$12, IF(AND($B$15="Manual Flushing Input", 3=1), $B$16, 0)))), 0)) + I25 - I24)*I48)/$B$12) / (1 + MAX(0, (IF(LEFT($B$11,7)="Plant &", ROUND(I26 / (1 - $F$13), 0), IF(LEFT($B$11,13)="Plant-Focused", ROUND(I26, 0), IF(LEFT($B$11,7)="Rainfed", 0, I28))) + IF(I20=$B$18, IF($B$15="Annual Pre-Sowing Flush", $F$12, IF(AND($B$15="Year 1 Reclamation Only", 3=1), $F$12, IF(AND($B$15="Bi-Annual Flush (Every 2 Yrs)", MOD(3,2)=1), $F$12, IF(AND($B$15="Manual Flushing Input", 3=1), $B$16, 0)))), 0)) + I25 - I24)/(2*$B$12)) -> 3.1240584 | J49: =((IF(LEFT($B$11,7)="Plant &", ROUND(J26 / (1 - $F$13), 0), IF(LEFT($B$11,13)="Plant-Focused", ROUND(J26, 0), IF(LEFT($B$11,7)="Rainfed", 0, J28))) + IF(J20=$B$18, IF($B$15="Annual Pre-Sowing Flush", $F$12, IF(AND($B$15="Year 1 Reclamation Only", 3=1), $F$12, IF(AND($B$15="Bi-Annual Flush (Every 2 Yrs)", MOD(3,2)=1), $F$12, IF(AND($B$15="Manual Flushing Input", 3=1), $B$16, 0)))), 0))*$B$14 - (MAX(0, (IF(LEFT($B$11,7)="Plant &", ROUND(J26 / (1 - $F$13), 0), IF(LEFT($B$11,13)="Plant-Focused", ROUND(J26, 0), IF(LEFT($B$11,7)="Rainfed", 0, J28))) + IF(J20=$B$18, IF($B$15="Annual Pre-Sowing Flush", $F$12, IF(AND($B$15="Year 1 Reclamation Only", 3=1), $F$12, IF(AND($B$15="Bi-Annual Flush (Every 2 Yrs)", MOD(3,2)=1), $F$12, IF(AND($B$15="Manual Flushing Input", 3=1), $B$16, 0)))), 0)) + J25 - J24)*J48)/$B$12) / (1 + MAX(0, (IF(LEFT($B$11,7)="Plant &", ROUND(J26 / (1 - $F$13), 0), IF(LEFT($B$11,13)="Plant-Focused", ROUND(J26, 0), IF(LEFT($B$11,7)="Rainfed", 0, J28))) + IF(J20=$B$18, IF($B$15="Annual Pre-Sowing Flush", $F$12, IF(AND($B$15="Year 1 Reclamation Only", 3=1), $F$12, IF(AND($B$15="Bi-Annual Flush (Every 2 Yrs)", MOD(3,2)=1), $F$12, IF(AND($B$15="Manual Flushing Input", 3=1), $B$16, 0)))), 0)) + J25 - J24)/(2*$B$12)) -> 4.2584349 | K49: =((IF(LEFT($B$11,7)="Plant &", ROUND(K26 / (1 - $F$13), 0), IF(LEFT($B$11,13)="Plant-Focused", ROUND(K26, 0), IF(LEFT($B$11,7)="Rainfed", 0, K28))) + IF(K20=$B$18, IF($B$15="Annual Pre-Sowing Flush", $F$12, IF(AND($B$15="Year 1 Reclamation Only", 3=1), $F$12, IF(AND($B$15="Bi-Annual Flush (Every 2 Yrs)", MOD(3,2)=1), $F$12, IF(AND($B$15="Manual Flushing Input", 3=1), $B$16, 0)))), 0))*$B$14 - (MAX(0, (IF(LEFT($B$11,7)="Plant &", ROUND(K26 / (1 - $F$13), 0), IF(LEFT($B$11,13)="Plant-Focused", ROUND(K26, 0), IF(LEFT($B$11,7)="Rainfed", 0, K28))) + IF(K20=$B$18, IF($B$15="Annual Pre-Sowing Flush", $F$12, IF(AND($B$15="Year 1 Reclamation Only", 3=1), $F$12, IF(AND($B$15="Bi-Annual Flush (Every 2 Yrs)", MOD(3,2)=1), $F$12, IF(AND($B$15="Manual Flushing Input", 3=1), $B$16, 0)))), 0)) + K25 - K24)*K48)/$B$12) / (1 + MAX(0, (IF(LEFT($B$11,7)="Plant &", ROUND(K26 / (1 - $F$13), 0), IF(LEFT($B$11,13)="Plant-Focused", ROUND(K26, 0), IF(LEFT($B$11,7)="Rainfed", 0, K28))) + IF(K20=$B$18, IF($B$15="Annual Pre-Sowing Flush", $F$12, IF(AND($B$15="Year 1 Reclamation Only", 3=1), $F$12, IF(AND($B$15="Bi-Annual Flush (Every 2 Yrs)", MOD(3,2)=1), $F$12, IF(AND($B$15="Manual Flushing Input", 3=1), $B$16, 0)))), 0)) + K25 - K24)/(2*$B$12)) -> -223.94457 | L49: =((IF(LEFT($B$11,7)="Plant &", ROUND(L26 / (1 - $F$13), 0), IF(LEFT($B$11,13)="Plant-Focused", ROUND(L26, 0), IF(LEFT($B$11,7)="Rainfed", 0, L28))) + IF(L20=$B$18, IF($B$15="Annual Pre-Sowing Flush", $F$12, IF(AND($B$15="Year 1 Reclamation Only", 3=1), $F$12, IF(AND($B$15="Bi-Annual Flush (Every 2 Yrs)", MOD(3,2)=1), $F$12, IF(AND($B$15="Manual Flushing Input", 3=1), $B$16, 0)))), 0))*$B$14 - (MAX(0, (IF(LEFT($B$11,7)="Plant &", ROUND(L26 / (1 - $F$13), 0), IF(LEFT($B$11,13)="Plant-Focused", ROUND(L26, 0), IF(LEFT($B$11,7)="Rainfed", 0, L28))) + IF(L20=$B$18, IF($B$15="Annual Pre-Sowing Flush", $F$12, IF(AND($B$15="Year 1 Reclamation Only", 3=1), $F$12, IF(AND($B$15="Bi-Annual Flush (Every 2 Yrs)", MOD(3,2)=1), $F$12, IF(AND($B$15="Manual Flushing Input", 3=1), $B$16, 0)))), 0)) + L25 - L24)*L48)/$B$12) / (1 + MAX(0, (IF(LEFT($B$11,7)="Plant &", ROUND(L26 / (1 - $F$13), 0), IF(LEFT($B$11,13)="Plant-Focused", ROUND(L26, 0), IF(LEFT($B$11,7)="Rainfed", 0, L28))) + IF(L20=$B$18, IF($B$15="Annual Pre-Sowing Flush", $F$12, IF(AND($B$15="Year 1 Reclamation Only", 3=1), $F$12, IF(AND($B$15="Bi-Annual Flush (Every 2 Yrs)", MOD(3,2)=1), $F$12, IF(AND($B$15="Manual Flushing Input", 3=1), $B$16, 0)))), 0)) + L25 - L24)/(2*$B$12)) -> -76.621837 | ... P49: =((IF(LEFT($B$11,7)="Plant &", ROUND(P26 / (1 - $F$13), 0), IF(LEFT($B$11,13)="Plant-Focused", ROUND(P26, 0), IF(LEFT($B$11,7)="Rainfed", 0, P28))) + IF(P20=$B$18, IF($B$15="Annual Pre-Sowing Flush", $F$12, IF(AND($B$15="Year 1 Reclamation Only", 3=1), $F$12, IF(AND($B$15="Bi-Annual Flush (Every 2 Yrs)", MOD(3,2)=1), $F$12, IF(AND($B$15="Manual Flushing Input", 3=1), $B$16, 0)))), 0))*$B$14 - (MAX(0, (IF(LEFT($B$11,7)="Plant &", ROUND(P26 / (1 - $F$13), 0), IF(LEFT($B$11,13)="Plant-Focused", ROUND(P26, 0), IF(LEFT($B$11,7)="Rainfed", 0, P28))) + IF(P20=$B$18, IF($B$15="Annual Pre-Sowing Flush", $F$12, IF(AND($B$15="Year 1 Reclamation Only", 3=1), $F$12, IF(AND($B$15="Bi-Annual Flush (Every 2 Yrs)", MOD(3,2)=1), $F$12, IF(AND($B$15="Manual Flushing Input", 3=1), $B$16, 0)))), 0)) + P25 - P24)*P48)/$B$12) / (1 + MAX(0, (IF(LEFT($B$11,7)="Plant &", ROUND(P26 / (1 - $F$13), 0), IF(LEFT($B$11,13)="Plant-Focused", ROUND(P26, 0), IF(LEFT($B$11,7)="Rainfed", 0, P28))) + IF(P20=$B$18, IF($B$15="Annual Pre-Sowing Flush", $F$12, IF(AND($B$15="Year 1 Reclamation Only", 3=1), $F$12, IF(AND($B$15="Bi-Annual Flush (Every 2 Yrs)", MOD(3,2)=1), $F$12, IF(AND($B$15="Manual Flushing Input", 3=1), $B$16, 0)))), 0)) + P25 - P24)/(2*$B$12)) -> -139.36942
B50: Z2 (End Salt Mass) | C50: ECmm | D50: =AVERAGE(E50:P50) -> 4864.1766 | E50: =E48 + E49 -> 5023.4334 | F50: =F48 + F49 -> 5025.6965 | G50: =G48 + G49 -> 5019.0945 | H50: =H48 + H49 -> 5018.1972 | I50: =I48 + I49 -> 5021.3213 | J50: =J48 + J49 -> 5025.5797 | K50: =K48 + K49 -> 4801.6351 | L50: =L48 + L49 -> 4725.0133 | ... P50: =P48 + P49 -> 4560.3764
B51: ECe (Soil Extract Salinity) | C51: dS/m | D51: =AVERAGE(E51:P51) -> 6.520344 | E51: =E50 / (2 * $B$12) -> 6.733825 | F51: =F50 / (2 * $B$12) -> 6.7368585 | G51: =G50 / (2 * $B$12) -> 6.7280087 | H51: =H50 / (2 * $B$12) -> 6.7268059 | I51: =I50 / (2 * $B$12) -> 6.7309936 | J51: =J50 / (2 * $B$12) -> 6.736702 | K51: =K50 / (2 * $B$12) -> 6.4365082 | L51: =L50 / (2 * $B$12) -> 6.333798 | ... P51: =P50 / (2 * $B$12) -> 6.1131051
A54: Year 4 Projection | B54: Z1 (Start Salt Mass) | C54: ECmm | D54: =AVERAGE(E54:P54) -> 4526.932 | E54: =P50 -> 4560.3764 | F54: =E56 -> 4571.0422 | G54: =F56 -> 4594.0436 | H54: =G56 -> 4615.2721 | I54: =H56 -> 4639.3957 | J54: =I56 -> 4660.1269 | K54: =J56 -> 4672.0499 | L54: =K56 -> 4463.859 | M54: =L56 -> 4392.6272 | ... P54: =O56 -> 4369.1372
B55: dZ (Salt Mass Change) | C55: ECmm | D55: =SUM(E55:P55) -> -319.28345 | E55: =((IF(LEFT($B$11,7)="Plant &", ROUND(E26 / (1 - $F$13), 0), IF(LEFT($B$11,13)="Plant-Focused", ROUND(E26, 0), IF(LEFT($B$11,7)="Rainfed", 0, E28))) + IF(E20=$B$18, IF($B$15="Annual Pre-Sowing Flush", $F$12, IF(AND($B$15="Year 1 Reclamation Only", 4=1), $F$12, IF(AND($B$15="Bi-Annual Flush (Every 2 Yrs)", MOD(4,2)=1), $F$12, IF(AND($B$15="Manual Flushing Input", 4=1), $B$16, 0)))), 0))*$B$14 - (MAX(0, (IF(LEFT($B$11,7)="Plant &", ROUND(E26 / (1 - $F$13), 0), IF(LEFT($B$11,13)="Plant-Focused", ROUND(E26, 0), IF(LEFT($B$11,7)="Rainfed", 0, E28))) + IF(E20=$B$18, IF($B$15="Annual Pre-Sowing Flush", $F$12, IF(AND($B$15="Year 1 Reclamation Only", 4=1), $F$12, IF(AND($B$15="Bi-Annual Flush (Every 2 Yrs)", MOD(4,2)=1), $F$12, IF(AND($B$15="Manual Flushing Input", 4=1), $B$16, 0)))), 0)) + E25 - E24)*E54)/$B$12) / (1 + MAX(0, (IF(LEFT($B$11,7)="Plant &", ROUND(E26 / (1 - $F$13), 0), IF(LEFT($B$11,13)="Plant-Focused", ROUND(E26, 0), IF(LEFT($B$11,7)="Rainfed", 0, E28))) + IF(E20=$B$18, IF($B$15="Annual Pre-Sowing Flush", $F$12, IF(AND($B$15="Year 1 Reclamation Only", 4=1), $F$12, IF(AND($B$15="Bi-Annual Flush (Every 2 Yrs)", MOD(4,2)=1), $F$12, IF(AND($B$15="Manual Flushing Input", 4=1), $B$16, 0)))), 0)) + E25 - E24)/(2*$B$12)) -> 10.665808 | F55: =((IF(LEFT($B$11,7)="Plant &", ROUND(F26 / (1 - $F$13), 0), IF(LEFT($B$11,13)="Plant-Focused", ROUND(F26, 0), IF(LEFT($B$11,7)="Rainfed", 0, F28))) + IF(F20=$B$18, IF($B$15="Annual Pre-Sowing Flush", $F$12, IF(AND($B$15="Year 1 Reclamation Only", 4=1), $F$12, IF(AND($B$15="Bi-Annual Flush (Every 2 Yrs)", MOD(4,2)=1), $F$12, IF(AND($B$15="Manual Flushing Input", 4=1), $B$16, 0)))), 0))*$B$14 - (MAX(0, (IF(LEFT($B$11,7)="Plant &", ROUND(F26 / (1 - $F$13), 0), IF(LEFT($B$11,13)="Plant-Focused", ROUND(F26, 0), IF(LEFT($B$11,7)="Rainfed", 0, F28))) + IF(F20=$B$18, IF($B$15="Annual Pre-Sowing Flush", $F$12, IF(AND($B$15="Year 1 Reclamation Only", 4=1), $F$12, IF(AND($B$15="Bi-Annual Flush (Every 2 Yrs)", MOD(4,2)=1), $F$12, IF(AND($B$15="Manual Flushing Input", 4=1), $B$16, 0)))), 0)) + F25 - F24)*F54)/$B$12) / (1 + MAX(0, (IF(LEFT($B$11,7)="Plant &", ROUND(F26 / (1 - $F$13), 0), IF(LEFT($B$11,13)="Plant-Focused", ROUND(F26, 0), IF(LEFT($B$11,7)="Rainfed", 0, F28))) + IF(F20=$B$18, IF($B$15="Annual Pre-Sowing Flush", $F$12, IF(AND($B$15="Year 1 Reclamation Only", 4=1), $F$12, IF(AND($B$15="Bi-Annual Flush (Every 2 Yrs)", MOD(4,2)=1), $F$12, IF(AND($B$15="Manual Flushing Input", 4=1), $B$16, 0)))), 0)) + F25 - F24)/(2*$B$12)) -> 23.001339 | G55: =((IF(LEFT($B$11,7)="Plant &", ROUND(G26 / (1 - $F$13), 0), IF(LEFT($B$11,13)="Plant-Focused", ROUND(G26, 0), IF(LEFT($B$11,7)="Rainfed", 0, G28))) + IF(G20=$B$18, IF($B$15="Annual Pre-Sowing Flush", $F$12, IF(AND($B$15="Year 1 Reclamation Only", 4=1), $F$12, IF(AND($B$15="Bi-Annual Flush (Every 2 Yrs)", MOD(4,2)=1), $F$12, IF(AND($B$15="Manual Flushing Input", 4=1), $B$16, 0)))), 0))*$B$14 - (MAX(0, (IF(LEFT($B$11,7)="Plant &", ROUND(G26 / (1 - $F$13), 0), IF(LEFT($B$11,13)="Plant-Focused", ROUND(G26, 0), IF(LEFT($B$11,7)="Rainfed", 0, G28))) + IF(G20=$B$18, IF($B$15="Annual Pre-Sowing Flush", $F$12, IF(AND($B$15="Year 1 Reclamation Only", 4=1), $F$12, IF(AND($B$15="Bi-Annual Flush (Every 2 Yrs)", MOD(4,2)=1), $F$12, IF(AND($B$15="Manual Flushing Input", 4=1), $B$16, 0)))), 0)) + G25 - G24)*G54)/$B$12) / (1 + MAX(0, (IF(LEFT($B$11,7)="Plant &", ROUND(G26 / (1 - $F$13), 0), IF(LEFT($B$11,13)="Plant-Focused", ROUND(G26, 0), IF(LEFT($B$11,7)="Rainfed", 0, G28))) + IF(G20=$B$18, IF($B$15="Annual Pre-Sowing Flush", $F$12, IF(AND($B$15="Year 1 Reclamation Only", 4=1), $F$12, IF(AND($B$15="Bi-Annual Flush (Every 2 Yrs)", MOD(4,2)=1), $F$12, IF(AND($B$15="Manual Flushing Input", 4=1), $B$16, 0)))), 0)) + G25 - G24)/(2*$B$12)) -> 21.22856 | H55: =((IF(LEFT($B$11,7)="Plant &", ROUND(H26 / (1 - $F$13), 0), IF(LEFT($B$11,13)="Plant-Focused", ROUND(H26, 0), IF(LEFT($B$11,7)="Rainfed", 0, H28))) + IF(H20=$B$18, IF($B$15="Annual Pre-Sowing Flush", $F$12, IF(AND($B$15="Year 1 Reclamation Only", 4=1), $F$12, IF(AND($B$15="Bi-Annual Flush (Every 2 Yrs)", MOD(4,2)=1), $F$12, IF(AND($B$15="Manual Flushing Input", 4=1), $B$16, 0)))), 0))*$B$14 - (MAX(0, (IF(LEFT($B$11,7)="Plant &", ROUND(H26 / (1 - $F$13), 0), IF(LEFT($B$11,13)="Plant-Focused", ROUND(H26, 0), IF(LEFT($B$11,7)="Rainfed", 0, H28))) + IF(H20=$B$18, IF($B$15="Annual Pre-Sowing Flush", $F$12, IF(AND($B$15="Year 1 Reclamation Only", 4=1), $F$12, IF(AND($B$15="Bi-Annual Flush (Every 2 Yrs)", MOD(4,2)=1), $F$12, IF(AND($B$15="Manual Flushing Input", 4=1), $B$16, 0)))), 0)) + H25 - H24)*H54)/$B$12) / (1 + MAX(0, (IF(LEFT($B$11,7)="Plant &", ROUND(H26 / (1 - $F$13), 0), IF(LEFT($B$11,13)="Plant-Focused", ROUND(H26, 0), IF(LEFT($B$11,7)="Rainfed", 0, H28))) + IF(H20=$B$18, IF($B$15="Annual Pre-Sowing Flush", $F$12, IF(AND($B$15="Year 1 Reclamation Only", 4=1), $F$12, IF(AND($B$15="Bi-Annual Flush (Every 2 Yrs)", MOD(4,2)=1), $F$12, IF(AND($B$15="Manual Flushing Input", 4=1), $B$16, 0)))), 0)) + H25 - H24)/(2*$B$12)) -> 24.123557 | I55: =((IF(LEFT($B$11,7)="Plant &", ROUND(I26 / (1 - $F$13), 0), IF(LEFT($B$11,13)="Plant-Focused", ROUND(I26, 0), IF(LEFT($B$11,7)="Rainfed", 0, I28))) + IF(I20=$B$18, IF($B$15="Annual Pre-Sowing Flush", $F$12, IF(AND($B$15="Year 1 Reclamation Only", 4=1), $F$12, IF(AND($B$15="Bi-Annual Flush (Every 2 Yrs)", MOD(4,2)=1), $F$12, IF(AND($B$15="Manual Flushing Input", 4=1), $B$16, 0)))), 0))*$B$14 - (MAX(0, (IF(LEFT($B$11,7)="Plant &", ROUND(I26 / (1 - $F$13), 0), IF(LEFT($B$11,13)="Plant-Focused", ROUND(I26, 0), IF(LEFT($B$11,7)="Rainfed", 0, I28))) + IF(I20=$B$18, IF($B$15="Annual Pre-Sowing Flush", $F$12, IF(AND($B$15="Year 1 Reclamation Only", 4=1), $F$12, IF(AND($B$15="Bi-Annual Flush (Every 2 Yrs)", MOD(4,2)=1), $F$12, IF(AND($B$15="Manual Flushing Input", 4=1), $B$16, 0)))), 0)) + I25 - I24)*I54)/$B$12) / (1 + MAX(0, (IF(LEFT($B$11,7)="Plant &", ROUND(I26 / (1 - $F$13), 0), IF(LEFT($B$11,13)="Plant-Focused", ROUND(I26, 0), IF(LEFT($B$11,7)="Rainfed", 0, I28))) + IF(I20=$B$18, IF($B$15="Annual Pre-Sowing Flush", $F$12, IF(AND($B$15="Year 1 Reclamation Only", 4=1), $F$12, IF(AND($B$15="Bi-Annual Flush (Every 2 Yrs)", MOD(4,2)=1), $F$12, IF(AND($B$15="Manual Flushing Input", 4=1), $B$16, 0)))), 0)) + I25 - I24)/(2*$B$12)) -> 20.7312 | J55: =((IF(LEFT($B$11,7)="Plant &", ROUND(J26 / (1 - $F$13), 0), IF(LEFT($B$11,13)="Plant-Focused", ROUND(J26, 0), IF(LEFT($B$11,7)="Rainfed", 0, J28))) + IF(J20=$B$18, IF($B$15="Annual Pre-Sowing Flush", $F$12, IF(AND($B$15="Year 1 Reclamation Only", 4=1), $F$12, IF(AND($B$15="Bi-Annual Flush (Every 2 Yrs)", MOD(4,2)=1), $F$12, IF(AND($B$15="Manual Flushing Input", 4=1), $B$16, 0)))), 0))*$B$14 - (MAX(0, (IF(LEFT($B$11,7)="Plant &", ROUND(J26 / (1 - $F$13), 0), IF(LEFT($B$11,13)="Plant-Focused", ROUND(J26, 0), IF(LEFT($B$11,7)="Rainfed", 0, J28))) + IF(J20=$B$18, IF($B$15="Annual Pre-Sowing Flush", $F$12, IF(AND($B$15="Year 1 Reclamation Only", 4=1), $F$12, IF(AND($B$15="Bi-Annual Flush (Every 2 Yrs)", MOD(4,2)=1), $F$12, IF(AND($B$15="Manual Flushing Input", 4=1), $B$16, 0)))), 0)) + J25 - J24)*J54)/$B$12) / (1 + MAX(0, (IF(LEFT($B$11,7)="Plant &", ROUND(J26 / (1 - $F$13), 0), IF(LEFT($B$11,13)="Plant-Focused", ROUND(J26, 0), IF(LEFT($B$11,7)="Rainfed", 0, J28))) + IF(J20=$B$18, IF($B$15="Annual Pre-Sowing Flush", $F$12, IF(AND($B$15="Year 1 Reclamation Only", 4=1), $F$12, IF(AND($B$15="Bi-Annual Flush (Every 2 Yrs)", MOD(4,2)=1), $F$12, IF(AND($B$15="Manual Flushing Input", 4=1), $B$16, 0)))), 0)) + J25 - J24)/(2*$B$12)) -> 11.923037 | K55: =((IF(LEFT($B$11,7)="Plant &", ROUND(K26 / (1 - $F$13), 0), IF(LEFT($B$11,13)="Plant-Focused", ROUND(K26, 0), IF(LEFT($B$11,7)="Rainfed", 0, K28))) + IF(K20=$B$18, IF($B$15="Annual Pre-Sowing Flush", $F$12, IF(AND($B$15="Year 1 Reclamation Only", 4=1), $F$12, IF(AND($B$15="Bi-Annual Flush (Every 2 Yrs)", MOD(4,2)=1), $F$12, IF(AND($B$15="Manual Flushing Input", 4=1), $B$16, 0)))), 0))*$B$14 - (MAX(0, (IF(LEFT($B$11,7)="Plant &", ROUND(K26 / (1 - $F$13), 0), IF(LEFT($B$11,13)="Plant-Focused", ROUND(K26, 0), IF(LEFT($B$11,7)="Rainfed", 0, K28))) + IF(K20=$B$18, IF($B$15="Annual Pre-Sowing Flush", $F$12, IF(AND($B$15="Year 1 Reclamation Only", 4=1), $F$12, IF(AND($B$15="Bi-Annual Flush (Every 2 Yrs)", MOD(4,2)=1), $F$12, IF(AND($B$15="Manual Flushing Input", 4=1), $B$16, 0)))), 0)) + K25 - K24)*K54)/$B$12) / (1 + MAX(0, (IF(LEFT($B$11,7)="Plant &", ROUND(K26 / (1 - $F$13), 0), IF(LEFT($B$11,13)="Plant-Focused", ROUND(K26, 0), IF(LEFT($B$11,7)="Rainfed", 0, K28))) + IF(K20=$B$18, IF($B$15="Annual Pre-Sowing Flush", $F$12, IF(AND($B$15="Year 1 Reclamation Only", 4=1), $F$12, IF(AND($B$15="Bi-Annual Flush (Every 2 Yrs)", MOD(4,2)=1), $F$12, IF(AND($B$15="Manual Flushing Input", 4=1), $B$16, 0)))), 0)) + K25 - K24)/(2*$B$12)) -> -208.19095 | L55: =((IF(LEFT($B$11,7)="Plant &", ROUND(L26 / (1 - $F$13), 0), IF(LEFT($B$11,13)="Plant-Focused", ROUND(L26, 0), IF(LEFT($B$11,7)="Rainfed", 0, L28))) + IF(L20=$B$18, IF($B$15="Annual Pre-Sowing Flush", $F$12, IF(AND($B$15="Year 1 Reclamation Only", 4=1), $F$12, IF(AND($B$15="Bi-Annual Flush (Every 2 Yrs)", MOD(4,2)=1), $F$12, IF(AND($B$15="Manual Flushing Input", 4=1), $B$16, 0)))), 0))*$B$14 - (MAX(0, (IF(LEFT($B$11,7)="Plant &", ROUND(L26 / (1 - $F$13), 0), IF(LEFT($B$11,13)="Plant-Focused", ROUND(L26, 0), IF(LEFT($B$11,7)="Rainfed", 0, L28))) + IF(L20=$B$18, IF($B$15="Annual Pre-Sowing Flush", $F$12, IF(AND($B$15="Year 1 Reclamation Only", 4=1), $F$12, IF(AND($B$15="Bi-Annual Flush (Every 2 Yrs)", MOD(4,2)=1), $F$12, IF(AND($B$15="Manual Flushing Input", 4=1), $B$16, 0)))), 0)) + L25 - L24)*L54)/$B$12) / (1 + MAX(0, (IF(LEFT($B$11,7)="Plant &", ROUND(L26 / (1 - $F$13), 0), IF(LEFT($B$11,13)="Plant-Focused", ROUND(L26, 0), IF(LEFT($B$11,7)="Rainfed", 0, L28))) + IF(L20=$B$18, IF($B$15="Annual Pre-Sowing Flush", $F$12, IF(AND($B$15="Year 1 Reclamation Only", 4=1), $F$12, IF(AND($B$15="Bi-Annual Flush (Every 2 Yrs)", MOD(4,2)=1), $F$12, IF(AND($B$15="Manual Flushing Input", 4=1), $B$16, 0)))), 0)) + L25 - L24)/(2*$B$12)) -> -71.231792 | ... P55: =((IF(LEFT($B$11,7)="Plant &", ROUND(P26 / (1 - $F$13), 0), IF(LEFT($B$11,13)="Plant-Focused", ROUND(P26, 0), IF(LEFT($B$11,7)="Rainfed", 0, P28))) + IF(P20=$B$18, IF($B$15="Annual Pre-Sowing Flush", $F$12, IF(AND($B$15="Year 1 Reclamation Only", 4=1), $F$12, IF(AND($B$15="Bi-Annual Flush (Every 2 Yrs)", MOD(4,2)=1), $F$12, IF(AND($B$15="Manual Flushing Input", 4=1), $B$16, 0)))), 0))*$B$14 - (MAX(0, (IF(LEFT($B$11,7)="Plant &", ROUND(P26 / (1 - $F$13), 0), IF(LEFT($B$11,13)="Plant-Focused", ROUND(P26, 0), IF(LEFT($B$11,7)="Rainfed", 0, P28))) + IF(P20=$B$18, IF($B$15="Annual Pre-Sowing Flush", $F$12, IF(AND($B$15="Year 1 Reclamation Only", 4=1), $F$12, IF(AND($B$15="Bi-Annual Flush (Every 2 Yrs)", MOD(4,2)=1), $F$12, IF(AND($B$15="Manual Flushing Input", 4=1), $B$16, 0)))), 0)) + P25 - P24)*P54)/$B$12) / (1 + MAX(0, (IF(LEFT($B$11,7)="Plant &", ROUND(P26 / (1 - $F$13), 0), IF(LEFT($B$11,13)="Plant-Focused", ROUND(P26, 0), IF(LEFT($B$11,7)="Rainfed", 0, P28))) + IF(P20=$B$18, IF($B$15="Annual Pre-Sowing Flush", $F$12, IF(AND($B$15="Year 1 Reclamation Only", 4=1), $F$12, IF(AND($B$15="Bi-Annual Flush (Every 2 Yrs)", MOD(4,2)=1), $F$12, IF(AND($B$15="Manual Flushing Input", 4=1), $B$16, 0)))), 0)) + P25 - P24)/(2*$B$12)) -> -128.04422
B56: Z2 (End Salt Mass) | C56: ECmm | D56: =AVERAGE(E56:P56) -> 4500.3251 | E56: =E54 + E55 -> 4571.0422 | F56: =F54 + F55 -> 4594.0436 | G56: =G54 + G55 -> 4615.2721 | H56: =H54 + H55 -> 4639.3957 | I56: =I54 + I55 -> 4660.1269 | J56: =J54 + J55 -> 4672.0499 | K56: =K54 + K55 -> 4463.859 | L56: =L54 + L55 -> 4392.6272 | ... P56: =P54 + P55 -> 4241.093
B57: ECe (Soil Extract Salinity) | C57: dS/m | D57: =AVERAGE(E57:P57) -> 6.0326073 | E57: =E56 / (2 * $B$12) -> 6.1274024 | F57: =F56 / (2 * $B$12) -> 6.1582353 | G57: =G56 / (2 * $B$12) -> 6.1866918 | H57: =H56 / (2 * $B$12) -> 6.219029 | I57: =I56 / (2 * $B$12) -> 6.2468189 | J57: =J56 / (2 * $B$12) -> 6.2628015 | K57: =K56 / (2 * $B$12) -> 5.9837251 | L57: =L56 / (2 * $B$12) -> 5.8882402 | ... P57: =P56 / (2 * $B$12) -> 5.6851112
A60: Year 5 Projection | B60: Z1 (Start Salt Mass) | C60: ECmm | D60: =AVERAGE(E60:P60) -> 4269.9682 | E60: =P56 -> 4241.093 | F60: =E62 -> 4262.0338 | G60: =F62 -> 4299.2005 | H60: =G62 -> 4339.4389 | I60: =H62 -> 4380.6531 | J60: =I62 -> 4413.411 | K60: =J62 -> 4430.5693 | L60: =K62 -> 4233.139 | M60: =L62 -> 4165.5889 | ... P60: =O62 -> 4143.313
B61: dZ (Salt Mass Change) | C61: ECmm | D61: =SUM(E61:P61) -> -218.08841 | E61: =((IF(LEFT($B$11,7)="Plant &", ROUND(E26 / (1 - $F$13), 0), IF(LEFT($B$11,13)="Plant-Focused", ROUND(E26, 0), IF(LEFT($B$11,7)="Rainfed", 0, E28))) + IF(E20=$B$18, IF($B$15="Annual Pre-Sowing Flush", $F$12, IF(AND($B$15="Year 1 Reclamation Only", 5=1), $F$12, IF(AND($B$15="Bi-Annual Flush (Every 2 Yrs)", MOD(5,2)=1), $F$12, IF(AND($B$15="Manual Flushing Input", 5=1), $B$16, 0)))), 0))*$B$14 - (MAX(0, (IF(LEFT($B$11,7)="Plant &", ROUND(E26 / (1 - $F$13), 0), IF(LEFT($B$11,13)="Plant-Focused", ROUND(E26, 0), IF(LEFT($B$11,7)="Rainfed", 0, E28))) + IF(E20=$B$18, IF($B$15="Annual Pre-Sowing Flush", $F$12, IF(AND($B$15="Year 1 Reclamation Only", 5=1), $F$12, IF(AND($B$15="Bi-Annual Flush (Every 2 Yrs)", MOD(5,2)=1), $F$12, IF(AND($B$15="Manual Flushing Input", 5=1), $B$16, 0)))), 0)) + E25 - E24)*E60)/$B$12) / (1 + MAX(0, (IF(LEFT($B$11,7)="Plant &", ROUND(E26 / (1 - $F$13), 0), IF(LEFT($B$11,13)="Plant-Focused", ROUND(E26, 0), IF(LEFT($B$11,7)="Rainfed", 0, E28))) + IF(E20=$B$18, IF($B$15="Annual Pre-Sowing Flush", $F$12, IF(AND($B$15="Year 1 Reclamation Only", 5=1), $F$12, IF(AND($B$15="Bi-Annual Flush (Every 2 Yrs)", MOD(5,2)=1), $F$12, IF(AND($B$15="Manual Flushing Input", 5=1), $B$16, 0)))), 0)) + E25 - E24)/(2*$B$12)) -> 20.940823 | F61: =((IF(LEFT($B$11,7)="Plant &", ROUND(F26 / (1 - $F$13), 0), IF(LEFT($B$11,13)="Plant-Focused", ROUND(F26, 0), IF(LEFT($B$11,7)="Rainfed", 0, F28))) + IF(F20=$B$18, IF($B$15="Annual Pre-Sowing Flush", $F$12, IF(AND($B$15="Year 1 Reclamation Only", 5=1), $F$12, IF(AND($B$15="Bi-Annual Flush (Every 2 Yrs)", MOD(5,2)=1), $F$12, IF(AND($B$15="Manual Flushing Input", 5=1), $B$16, 0)))), 0))*$B$14 - (MAX(0, (IF(LEFT($B$11,7)="Plant &", ROUND(F26 / (1 - $F$13), 0), IF(LEFT($B$11,13)="Plant-Focused", ROUND(F26, 0), IF(LEFT($B$11,7)="Rainfed", 0, F28))) + IF(F20=$B$18, IF($B$15="Annual Pre-Sowing Flush", $F$12, IF(AND($B$15="Year 1 Reclamation Only", 5=1), $F$12, IF(AND($B$15="Bi-Annual Flush (Every 2 Yrs)", MOD(5,2)=1), $F$12, IF(AND($B$15="Manual Flushing Input", 5=1), $B$16, 0)))), 0)) + F25 - F24)*F60)/$B$12) / (1 + MAX(0, (IF(LEFT($B$11,7)="Plant &", ROUND(F26 / (1 - $F$13), 0), IF(LEFT($B$11,13)="Plant-Focused", ROUND(F26, 0), IF(LEFT($B$11,7)="Rainfed", 0, F28))) + IF(F20=$B$18, IF($B$15="Annual Pre-Sowing Flush", $F$12, IF(AND($B$15="Year 1 Reclamation Only", 5=1), $F$12, IF(AND($B$15="Bi-Annual Flush (Every 2 Yrs)", MOD(5,2)=1), $F$12, IF(AND($B$15="Manual Flushing Input", 5=1), $B$16, 0)))), 0)) + F25 - F24)/(2*$B$12)) -> 37.166756 | G61: =((IF(LEFT($B$11,7)="Plant &", ROUND(G26 / (1 - $F$13), 0), IF(LEFT($B$11,13)="Plant-Focused", ROUND(G26, 0), IF(LEFT($B$11,7)="Rainfed", 0, G28))) + IF(G20=$B$18, IF($B$15="Annual Pre-Sowing Flush", $F$12, IF(AND($B$15="Year 1 Reclamation Only", 5=1), $F$12, IF(AND($B$15="Bi-Annual Flush (Every 2 Yrs)", MOD(5,2)=1), $F$12, IF(AND($B$15="Manual Flushing Input", 5=1), $B$16, 0)))), 0))*$B$14 - (MAX(0, (IF(LEFT($B$11,7)="Plant &", ROUND(G26 / (1 - $F$13), 0), IF(LEFT($B$11,13)="Plant-Focused", ROUND(G26, 0), IF(LEFT($B$11,7)="Rainfed", 0, G28))) + IF(G20=$B$18, IF($B$15="Annual Pre-Sowing Flush", $F$12, IF(AND($B$15="Year 1 Reclamation Only", 5=1), $F$12, IF(AND($B$15="Bi-Annual Flush (Every 2 Yrs)", MOD(5,2)=1), $F$12, IF(AND($B$15="Manual Flushing Input", 5=1), $B$16, 0)))), 0)) + G25 - G24)*G60)/$B$12) / (1 + MAX(0, (IF(LEFT($B$11,7)="Plant &", ROUND(G26 / (1 - $F$13), 0), IF(LEFT($B$11,13)="Plant-Focused", ROUND(G26, 0), IF(LEFT($B$11,7)="Rainfed", 0, G28))) + IF(G20=$B$18, IF($B$15="Annual Pre-Sowing Flush", $F$12, IF(AND($B$15="Year 1 Reclamation Only", 5=1), $F$12, IF(AND($B$15="Bi-Annual Flush (Every 2 Yrs)", MOD(5,2)=1), $F$12, IF(AND($B$15="Manual Flushing Input", 5=1), $B$16, 0)))), 0)) + G25 - G24)/(2*$B$12)) -> 40.238352 | H61: =((IF(LEFT($B$11,7)="Plant &", ROUND(H26 / (1 - $F$13), 0), IF(LEFT($B$11,13)="Plant-Focused", ROUND(H26, 0), IF(LEFT($B$11,7)="Rainfed", 0, H28))) + IF(H20=$B$18, IF($B$15="Annual Pre-Sowing Flush", $F$12, IF(AND($B$15="Year 1 Reclamation Only", 5=1), $F$12, IF(AND($B$15="Bi-Annual Flush (Every 2 Yrs)", MOD(5,2)=1), $F$12, IF(AND($B$15="Manual Flushing Input", 5=1), $B$16, 0)))), 0))*$B$14 - (MAX(0, (IF(LEFT($B$11,7)="Plant &", ROUND(H26 / (1 - $F$13), 0), IF(LEFT($B$11,13)="Plant-Focused", ROUND(H26, 0), IF(LEFT($B$11,7)="Rainfed", 0, H28))) + IF(H20=$B$18, IF($B$15="Annual Pre-Sowing Flush", $F$12, IF(AND($B$15="Year 1 Reclamation Only", 5=1), $F$12, IF(AND($B$15="Bi-Annual Flush (Every 2 Yrs)", MOD(5,2)=1), $F$12, IF(AND($B$15="Manual Flushing Input", 5=1), $B$16, 0)))), 0)) + H25 - H24)*H60)/$B$12) / (1 + MAX(0, (IF(LEFT($B$11,7)="Plant &", ROUND(H26 / (1 - $F$13), 0), IF(LEFT($B$11,13)="Plant-Focused", ROUND(H26, 0), IF(LEFT($B$11,7)="Rainfed", 0, H28))) + IF(H20=$B$18, IF($B$15="Annual Pre-Sowing Flush", $F$12, IF(AND($B$15="Year 1 Reclamation Only", 5=1), $F$12, IF(AND($B$15="Bi-Annual Flush (Every 2 Yrs)", MOD(5,2)=1), $F$12, IF(AND($B$15="Manual Flushing Input", 5=1), $B$16, 0)))), 0)) + H25 - H24)/(2*$B$12)) -> 41.214217 | I61: =((IF(LEFT($B$11,7)="Plant &", ROUND(I26 / (1 - $F$13), 0), IF(LEFT($B$11,13)="Plant-Focused", ROUND(I26, 0), IF(LEFT($B$11,7)="Rainfed", 0, I28))) + IF(I20=$B$18, IF($B$15="Annual Pre-Sowing Flush", $F$12, IF(AND($B$15="Year 1 Reclamation Only", 5=1), $F$12, IF(AND($B$15="Bi-Annual Flush (Every 2 Yrs)", MOD(5,2)=1), $F$12, IF(AND($B$15="Manual Flushing Input", 5=1), $B$16, 0)))), 0))*$B$14 - (MAX(0, (IF(LEFT($B$11,7)="Plant &", ROUND(I26 / (1 - $F$13), 0), IF(LEFT($B$11,13)="Plant-Focused", ROUND(I26, 0), IF(LEFT($B$11,7)="Rainfed", 0, I28))) + IF(I20=$B$18, IF($B$15="Annual Pre-Sowing Flush", $F$12, IF(AND($B$15="Year 1 Reclamation Only", 5=1), $F$12, IF(AND($B$15="Bi-Annual Flush (Every 2 Yrs)", MOD(5,2)=1), $F$12, IF(AND($B$15="Manual Flushing Input", 5=1), $B$16, 0)))), 0)) + I25 - I24)*I60)/$B$12) / (1 + MAX(0, (IF(LEFT($B$11,7)="Plant &", ROUND(I26 / (1 - $F$13), 0), IF(LEFT($B$11,13)="Plant-Focused", ROUND(I26, 0), IF(LEFT($B$11,7)="Rainfed", 0, I28))) + IF(I20=$B$18, IF($B$15="Annual Pre-Sowing Flush", $F$12, IF(AND($B$15="Year 1 Reclamation Only", 5=1), $F$12, IF(AND($B$15="Bi-Annual Flush (Every 2 Yrs)", MOD(5,2)=1), $F$12, IF(AND($B$15="Manual Flushing Input", 5=1), $B$16, 0)))), 0)) + I25 - I24)/(2*$B$12)) -> 32.757859 | J61: =((IF(LEFT($B$11,7)="Plant &", ROUND(J26 / (1 - $F$13), 0), IF(LEFT($B$11,13)="Plant-Focused", ROUND(J26, 0), IF(LEFT($B$11,7)="Rainfed", 0, J28))) + IF(J20=$B$18, IF($B$15="Annual Pre-Sowing Flush", $F$12, IF(AND($B$15="Year 1 Reclamation Only", 5=1), $F$12, IF(AND($B$15="Bi-Annual Flush (Every 2 Yrs)", MOD(5,2)=1), $F$12, IF(AND($B$15="Manual Flushing Input", 5=1), $B$16, 0)))), 0))*$B$14 - (MAX(0, (IF(LEFT($B$11,7)="Plant &", ROUND(J26 / (1 - $F$13), 0), IF(LEFT($B$11,13)="Plant-Focused", ROUND(J26, 0), IF(LEFT($B$11,7)="Rainfed", 0, J28))) + IF(J20=$B$18, IF($B$15="Annual Pre-Sowing Flush", $F$12, IF(AND($B$15="Year 1 Reclamation Only", 5=1), $F$12, IF(AND($B$15="Bi-Annual Flush (Every 2 Yrs)", MOD(5,2)=1), $F$12, IF(AND($B$15="Manual Flushing Input", 5=1), $B$16, 0)))), 0)) + J25 - J24)*J60)/$B$12) / (1 + MAX(0, (IF(LEFT($B$11,7)="Plant &", ROUND(J26 / (1 - $F$13), 0), IF(LEFT($B$11,13)="Plant-Focused", ROUND(J26, 0), IF(LEFT($B$11,7)="Rainfed", 0, J28))) + IF(J20=$B$18, IF($B$15="Annual Pre-Sowing Flush", $F$12, IF(AND($B$15="Year 1 Reclamation Only", 5=1), $F$12, IF(AND($B$15="Bi-Annual Flush (Every 2 Yrs)", MOD(5,2)=1), $F$12, IF(AND($B$15="Manual Flushing Input", 5=1), $B$16, 0)))), 0)) + J25 - J24)/(2*$B$12)) -> 17.158388 | K61: =((IF(LEFT($B$11,7)="Plant &", ROUND(K26 / (1 - $F$13), 0), IF(LEFT($B$11,13)="Plant-Focused", ROUND(K26, 0), IF(LEFT($B$11,7)="Rainfed", 0, K28))) + IF(K20=$B$18, IF($B$15="Annual Pre-Sowing Flush", $F$12, IF(AND($B$15="Year 1 Reclamation Only", 5=1), $F$12, IF(AND($B$15="Bi-Annual Flush (Every 2 Yrs)", MOD(5,2)=1), $F$12, IF(AND($B$15="Manual Flushing Input", 5=1), $B$16, 0)))), 0))*$B$14 - (MAX(0, (IF(LEFT($B$11,7)="Plant &", ROUND(K26 / (1 - $F$13), 0), IF(LEFT($B$11,13)="Plant-Focused", ROUND(K26, 0), IF(LEFT($B$11,7)="Rainfed", 0, K28))) + IF(K20=$B$18, IF($B$15="Annual Pre-Sowing Flush", $F$12, IF(AND($B$15="Year 1 Reclamation Only", 5=1), $F$12, IF(AND($B$15="Bi-Annual Flush (Every 2 Yrs)", MOD(5,2)=1), $F$12, IF(AND($B$15="Manual Flushing Input", 5=1), $B$16, 0)))), 0)) + K25 - K24)*K60)/$B$12) / (1 + MAX(0, (IF(LEFT($B$11,7)="Plant &", ROUND(K26 / (1 - $F$13), 0), IF(LEFT($B$11,13)="Plant-Focused", ROUND(K26, 0), IF(LEFT($B$11,7)="Rainfed", 0, K28))) + IF(K20=$B$18, IF($B$15="Annual Pre-Sowing Flush", $F$12, IF(AND($B$15="Year 1 Reclamation Only", 5=1), $F$12, IF(AND($B$15="Bi-Annual Flush (Every 2 Yrs)", MOD(5,2)=1), $F$12, IF(AND($B$15="Manual Flushing Input", 5=1), $B$16, 0)))), 0)) + K25 - K24)/(2*$B$12)) -> -197.43035 | L61: =((IF(LEFT($B$11,7)="Plant &", ROUND(L26 / (1 - $F$13), 0), IF(LEFT($B$11,13)="Plant-Focused", ROUND(L26, 0), IF(LEFT($B$11,7)="Rainfed", 0, L28))) + IF(L20=$B$18, IF($B$15="Annual Pre-Sowing Flush", $F$12, IF(AND($B$15="Year 1 Reclamation Only", 5=1), $F$12, IF(AND($B$15="Bi-Annual Flush (Every 2 Yrs)", MOD(5,2)=1), $F$12, IF(AND($B$15="Manual Flushing Input", 5=1), $B$16, 0)))), 0))*$B$14 - (MAX(0, (IF(LEFT($B$11,7)="Plant &", ROUND(L26 / (1 - $F$13), 0), IF(LEFT($B$11,13)="Plant-Focused", ROUND(L26, 0), IF(LEFT($B$11,7)="Rainfed", 0, L28))) + IF(L20=$B$18, IF($B$15="Annual Pre-Sowing Flush", $F$12, IF(AND($B$15="Year 1 Reclamation Only", 5=1), $F$12, IF(AND($B$15="Bi-Annual Flush (Every 2 Yrs)", MOD(5,2)=1), $F$12, IF(AND($B$15="Manual Flushing Input", 5=1), $B$16, 0)))), 0)) + L25 - L24)*L60)/$B$12) / (1 + MAX(0, (IF(LEFT($B$11,7)="Plant &", ROUND(L26 / (1 - $F$13), 0), IF(LEFT($B$11,13)="Plant-Focused", ROUND(L26, 0), IF(LEFT($B$11,7)="Rainfed", 0, L28))) + IF(L20=$B$18, IF($B$15="Annual Pre-Sowing Flush", $F$12, IF(AND($B$15="Year 1 Reclamation Only", 5=1), $F$12, IF(AND($B$15="Bi-Annual Flush (Every 2 Yrs)", MOD(5,2)=1), $F$12, IF(AND($B$15="Manual Flushing Input", 5=1), $B$16, 0)))), 0)) + L25 - L24)/(2*$B$12)) -> -67.55009 | ... P61: =((IF(LEFT($B$11,7)="Plant &", ROUND(P26 / (1 - $F$13), 0), IF(LEFT($B$11,13)="Plant-Focused", ROUND(P26, 0), IF(LEFT($B$11,7)="Rainfed", 0, P28))) + IF(P20=$B$18, IF($B$15="Annual Pre-Sowing Flush", $F$12, IF(AND($B$15="Year 1 Reclamation Only", 5=1), $F$12, IF(AND($B$15="Bi-Annual Flush (Every 2 Yrs)", MOD(5,2)=1), $F$12, IF(AND($B$15="Manual Flushing Input", 5=1), $B$16, 0)))), 0))*$B$14 - (MAX(0, (IF(LEFT($B$11,7)="Plant &", ROUND(P26 / (1 - $F$13), 0), IF(LEFT($B$11,13)="Plant-Focused", ROUND(P26, 0), IF(LEFT($B$11,7)="Rainfed", 0, P28))) + IF(P20=$B$18, IF($B$15="Annual Pre-Sowing Flush", $F$12, IF(AND($B$15="Year 1 Reclamation Only", 5=1), $F$12, IF(AND($B$15="Bi-Annual Flush (Every 2 Yrs)", MOD(5,2)=1), $F$12, IF(AND($B$15="Manual Flushing Input", 5=1), $B$16, 0)))), 0)) + P25 - P24)*P60)/$B$12) / (1 + MAX(0, (IF(LEFT($B$11,7)="Plant &", ROUND(P26 / (1 - $F$13), 0), IF(LEFT($B$11,13)="Plant-Focused", ROUND(P26, 0), IF(LEFT($B$11,7)="Rainfed", 0, P28))) + IF(P20=$B$18, IF($B$15="Annual Pre-Sowing Flush", $F$12, IF(AND($B$15="Year 1 Reclamation Only", 5=1), $F$12, IF(AND($B$15="Bi-Annual Flush (Every 2 Yrs)", MOD(5,2)=1), $F$12, IF(AND($B$15="Manual Flushing Input", 5=1), $B$16, 0)))), 0)) + P25 - P24)/(2*$B$12)) -> -120.30848
B62: Z2 (End Salt Mass) | C62: ECmm | D62: =AVERAGE(E62:P62) -> 4251.7942 | E62: =E60 + E61 -> 4262.0338 | F62: =F60 + F61 -> 4299.2005 | G62: =G60 + G61 -> 4339.4389 | H62: =H60 + H61 -> 4380.6531 | I62: =I60 + I61 -> 4413.411 | J62: =J60 + J61 -> 4430.5693 | K62: =K60 + K61 -> 4233.139 | L62: =L60 + L61 -> 4165.5889 | ... P62: =P60 + P61 -> 4023.0045
B63: ECe (Soil Extract Salinity) | C63: dS/m | D63: =AVERAGE(E63:P63) -> 5.699456 | E63: =E62 / (2 * $B$12) -> 5.713182 | F63: =F62 / (2 * $B$12) -> 5.7630034 | G63: =G62 / (2 * $B$12) -> 5.8169422 | H63: =H62 / (2 * $B$12) -> 5.8721891 | I63: =I62 / (2 * $B$12) -> 5.9161005 | J63: =J62 / (2 * $B$12) -> 5.939101 | K63: =K62 / (2 * $B$12) -> 5.6744491 | L63: =L62 / (2 * $B$12) -> 5.5838993 | ... P63: =P62 / (2 * $B$12) -> 5.3927675
A66: Year 6 Projection | B66: Z1 (Start Salt Mass) | C66: ECmm | D66: =AVERAGE(E66:P66) -> 4094.4476 | E66: =P62 -> 4023.0045 | F66: =E68 -> 4050.9638 | G66: =F68 -> 4097.8063 | H66: =G68 -> 4151.0294 | I66: =H68 -> 4203.9175 | J66: =I68 -> 4244.8902 | K66: =J68 -> 4265.6247 | L66: =K68 -> 4075.5444 | M66: =L68 -> 4010.5091 | ... P66: =O68 -> 3989.0625
B67: dZ (Salt Mass Change) | C67: ECmm | D67: =SUM(E67:P67) -> -148.96654 | E67: =((IF(LEFT($B$11,7)="Plant &", ROUND(E26 / (1 - $F$13), 0), IF(LEFT($B$11,13)="Plant-Focused", ROUND(E26, 0), IF(LEFT($B$11,7)="Rainfed", 0, E28))) + IF(E20=$B$18, IF($B$15="Annual Pre-Sowing Flush", $F$12, IF(AND($B$15="Year 1 Reclamation Only", 6=1), $F$12, IF(AND($B$15="Bi-Annual Flush (Every 2 Yrs)", MOD(6,2)=1), $F$12, IF(AND($B$15="Manual Flushing Input", 6=1), $B$16, 0)))), 0))*$B$14 - (MAX(0, (IF(LEFT($B$11,7)="Plant &", ROUND(E26 / (1 - $F$13), 0), IF(LEFT($B$11,13)="Plant-Focused", ROUND(E26, 0), IF(LEFT($B$11,7)="Rainfed", 0, E28))) + IF(E20=$B$18, IF($B$15="Annual Pre-Sowing Flush", $F$12, IF(AND($B$15="Year 1 Reclamation Only", 6=1), $F$12, IF(AND($B$15="Bi-Annual Flush (Every 2 Yrs)", MOD(6,2)=1), $F$12, IF(AND($B$15="Manual Flushing Input", 6=1), $B$16, 0)))), 0)) + E25 - E24)*E66)/$B$12) / (1 + MAX(0, (IF(LEFT($B$11,7)="Plant &", ROUND(E26 / (1 - $F$13), 0), IF(LEFT($B$11,13)="Plant-Focused", ROUND(E26, 0), IF(LEFT($B$11,7)="Rainfed", 0, E28))) + IF(E20=$B$18, IF($B$15="Annual Pre-Sowing Flush", $F$12, IF(AND($B$15="Year 1 Reclamation Only", 6=1), $F$12, IF(AND($B$15="Bi-Annual Flush (Every 2 Yrs)", MOD(6,2)=1), $F$12, IF(AND($B$15="Manual Flushing Input", 6=1), $B$16, 0)))), 0)) + E25 - E24)/(2*$B$12)) -> 27.959231 | F67: =((IF(LEFT($B$11,7)="Plant &", ROUND(F26 / (1 - $F$13), 0), IF(LEFT($B$11,13)="Plant-Focused", ROUND(F26, 0), IF(LEFT($B$11,7)="Rainfed", 0, F28))) + IF(F20=$B$18, IF($B$15="Annual Pre-Sowing Flush", $F$12, IF(AND($B$15="Year 1 Reclamation Only", 6=1), $F$12, IF(AND($B$15="Bi-Annual Flush (Every 2 Yrs)", MOD(6,2)=1), $F$12, IF(AND($B$15="Manual Flushing Input", 6=1), $B$16, 0)))), 0))*$B$14 - (MAX(0, (IF(LEFT($B$11,7)="Plant &", ROUND(F26 / (1 - $F$13), 0), IF(LEFT($B$11,13)="Plant-Focused", ROUND(F26, 0), IF(LEFT($B$11,7)="Rainfed", 0, F28))) + IF(F20=$B$18, IF($B$15="Annual Pre-Sowing Flush", $F$12, IF(AND($B$15="Year 1 Reclamation Only", 6=1), $F$12, IF(AND($B$15="Bi-Annual Flush (Every 2 Yrs)", MOD(6,2)=1), $F$12, IF(AND($B$15="Manual Flushing Input", 6=1), $B$16, 0)))), 0)) + F25 - F24)*F66)/$B$12) / (1 + MAX(0, (IF(LEFT($B$11,7)="Plant &", ROUND(F26 / (1 - $F$13), 0), IF(LEFT($B$11,13)="Plant-Focused", ROUND(F26, 0), IF(LEFT($B$11,7)="Rainfed", 0, F28))) + IF(F20=$B$18, IF($B$15="Annual Pre-Sowing Flush", $F$12, IF(AND($B$15="Year 1 Reclamation Only", 6=1), $F$12, IF(AND($B$15="Bi-Annual Flush (Every 2 Yrs)", MOD(6,2)=1), $F$12, IF(AND($B$15="Manual Flushing Input", 6=1), $B$16, 0)))), 0)) + F25 - F24)/(2*$B$12)) -> 46.842525 | G67: =((IF(LEFT($B$11,7)="Plant &", ROUND(G26 / (1 - $F$13), 0), IF(LEFT($B$11,13)="Plant-Focused", ROUND(G26, 0), IF(LEFT($B$11,7)="Rainfed", 0, G28))) + IF(G20=$B$18, IF($B$15="Annual Pre-Sowing Flush", $F$12, IF(AND($B$15="Year 1 Reclamation Only", 6=1), $F$12, IF(AND($B$15="Bi-Annual Flush (Every 2 Yrs)", MOD(6,2)=1), $F$12, IF(AND($B$15="Manual Flushing Input", 6=1), $B$16, 0)))), 0))*$B$14 - (MAX(0, (IF(LEFT($B$11,7)="Plant &", ROUND(G26 / (1 - $F$13), 0), IF(LEFT($B$11,13)="Plant-Focused", ROUND(G26, 0), IF(LEFT($B$11,7)="Rainfed", 0, G28))) + IF(G20=$B$18, IF($B$15="Annual Pre-Sowing Flush", $F$12, IF(AND($B$15="Year 1 Reclamation Only", 6=1), $F$12, IF(AND($B$15="Bi-Annual Flush (Every 2 Yrs)", MOD(6,2)=1), $F$12, IF(AND($B$15="Manual Flushing Input", 6=1), $B$16, 0)))), 0)) + G25 - G24)*G66)/$B$12) / (1 + MAX(0, (IF(LEFT($B$11,7)="Plant &", ROUND(G26 / (1 - $F$13), 0), IF(LEFT($B$11,13)="Plant-Focused", ROUND(G26, 0), IF(LEFT($B$11,7)="Rainfed", 0, G28))) + IF(G20=$B$18, IF($B$15="Annual Pre-Sowing Flush", $F$12, IF(AND($B$15="Year 1 Reclamation Only", 6=1), $F$12, IF(AND($B$15="Bi-Annual Flush (Every 2 Yrs)", MOD(6,2)=1), $F$12, IF(AND($B$15="Manual Flushing Input", 6=1), $B$16, 0)))), 0)) + G25 - G24)/(2*$B$12)) -> 53.2231 | H67: =((IF(LEFT($B$11,7)="Plant &", ROUND(H26 / (1 - $F$13), 0), IF(LEFT($B$11,13)="Plant-Focused", ROUND(H26, 0), IF(LEFT($B$11,7)="Rainfed", 0, H28))) + IF(H20=$B$18, IF($B$15="Annual Pre-Sowing Flush", $F$12, IF(AND($B$15="Year 1 Reclamation Only", 6=1), $F$12, IF(AND($B$15="Bi-Annual Flush (Every 2 Yrs)", MOD(6,2)=1), $F$12, IF(AND($B$15="Manual Flushing Input", 6=1), $B$16, 0)))), 0))*$B$14 - (MAX(0, (IF(LEFT($B$11,7)="Plant &", ROUND(H26 / (1 - $F$13), 0), IF(LEFT($B$11,13)="Plant-Focused", ROUND(H26, 0), IF(LEFT($B$11,7)="Rainfed", 0, H28))) + IF(H20=$B$18, IF($B$15="Annual Pre-Sowing Flush", $F$12, IF(AND($B$15="Year 1 Reclamation Only", 6=1), $F$12, IF(AND($B$15="Bi-Annual Flush (Every 2 Yrs)", MOD(6,2)=1), $F$12, IF(AND($B$15="Manual Flushing Input", 6=1), $B$16, 0)))), 0)) + H25 - H24)*H66)/$B$12) / (1 + MAX(0, (IF(LEFT($B$11,7)="Plant &", ROUND(H26 / (1 - $F$13), 0), IF(LEFT($B$11,13)="Plant-Focused", ROUND(H26, 0), IF(LEFT($B$11,7)="Rainfed", 0, H28))) + IF(H20=$B$18, IF($B$15="Annual Pre-Sowing Flush", $F$12, IF(AND($B$15="Year 1 Reclamation Only", 6=1), $F$12, IF(AND($B$15="Bi-Annual Flush (Every 2 Yrs)", MOD(6,2)=1), $F$12, IF(AND($B$15="Manual Flushing Input", 6=1), $B$16, 0)))), 0)) + H25 - H24)/(2*$B$12)) -> 52.888092 | I67: =((IF(LEFT($B$11,7)="Plant &", ROUND(I26 / (1 - $F$13), 0), IF(LEFT($B$11,13)="Plant-Focused", ROUND(I26, 0), IF(LEFT($B$11,7)="Rainfed", 0, I28))) + IF(I20=$B$18, IF($B$15="Annual Pre-Sowing Flush", $F$12, IF(AND($B$15="Year 1 Reclamation Only", 6=1), $F$12, IF(AND($B$15="Bi-Annual Flush (Every 2 Yrs)", MOD(6,2)=1), $F$12, IF(AND($B$15="Manual Flushing Input", 6=1), $B$16, 0)))), 0))*$B$14 - (MAX(0, (IF(LEFT($B$11,7)="Plant &", ROUND(I26 / (1 - $F$13), 0), IF(LEFT($B$11,13)="Plant-Focused", ROUND(I26, 0), IF(LEFT($B$11,7)="Rainfed", 0, I28))) + IF(I20=$B$18, IF($B$15="Annual Pre-Sowing Flush", $F$12, IF(AND($B$15="Year 1 Reclamation Only", 6=1), $F$12, IF(AND($B$15="Bi-Annual Flush (Every 2 Yrs)", MOD(6,2)=1), $F$12, IF(AND($B$15="Manual Flushing Input", 6=1), $B$16, 0)))), 0)) + I25 - I24)*I66)/$B$12) / (1 + MAX(0, (IF(LEFT($B$11,7)="Plant &", ROUND(I26 / (1 - $F$13), 0), IF(LEFT($B$11,13)="Plant-Focused", ROUND(I26, 0), IF(LEFT($B$11,7)="Rainfed", 0, I28))) + IF(I20=$B$18, IF($B$15="Annual Pre-Sowing Flush", $F$12, IF(AND($B$15="Year 1 Reclamation Only", 6=1), $F$12, IF(AND($B$15="Bi-Annual Flush (Every 2 Yrs)", MOD(6,2)=1), $F$12, IF(AND($B$15="Manual Flushing Input", 6=1), $B$16, 0)))), 0)) + I25 - I24)/(2*$B$12)) -> 40.972738 | J67: =((IF(LEFT($B$11,7)="Plant &", ROUND(J26 / (1 - $F$13), 0), IF(LEFT($B$11,13)="Plant-Focused", ROUND(J26, 0), IF(LEFT($B$11,7)="Rainfed", 0, J28))) + IF(J20=$B$18, IF($B$15="Annual Pre-Sowing Flush", $F$12, IF(AND($B$15="Year 1 Reclamation Only", 6=1), $F$12, IF(AND($B$15="Bi-Annual Flush (Every 2 Yrs)", MOD(6,2)=1), $F$12, IF(AND($B$15="Manual Flushing Input", 6=1), $B$16, 0)))), 0))*$B$14 - (MAX(0, (IF(LEFT($B$11,7)="Plant &", ROUND(J26 / (1 - $F$13), 0), IF(LEFT($B$11,13)="Plant-Focused", ROUND(J26, 0), IF(LEFT($B$11,7)="Rainfed", 0, J28))) + IF(J20=$B$18, IF($B$15="Annual Pre-Sowing Flush", $F$12, IF(AND($B$15="Year 1 Reclamation Only", 6=1), $F$12, IF(AND($B$15="Bi-Annual Flush (Every 2 Yrs)", MOD(6,2)=1), $F$12, IF(AND($B$15="Manual Flushing Input", 6=1), $B$16, 0)))), 0)) + J25 - J24)*J66)/$B$12) / (1 + MAX(0, (IF(LEFT($B$11,7)="Plant &", ROUND(J26 / (1 - $F$13), 0), IF(LEFT($B$11,13)="Plant-Focused", ROUND(J26, 0), IF(LEFT($B$11,7)="Rainfed", 0, J28))) + IF(J20=$B$18, IF($B$15="Annual Pre-Sowing Flush", $F$12, IF(AND($B$15="Year 1 Reclamation Only", 6=1), $F$12, IF(AND($B$15="Bi-Annual Flush (Every 2 Yrs)", MOD(6,2)=1), $F$12, IF(AND($B$15="Manual Flushing Input", 6=1), $B$16, 0)))), 0)) + J25 - J24)/(2*$B$12)) -> 20.734425 | K67: =((IF(LEFT($B$11,7)="Plant &", ROUND(K26 / (1 - $F$13), 0), IF(LEFT($B$11,13)="Plant-Focused", ROUND(K26, 0), IF(LEFT($B$11,7)="Rainfed", 0, K28))) + IF(K20=$B$18, IF($B$15="Annual Pre-Sowing Flush", $F$12, IF(AND($B$15="Year 1 Reclamation Only", 6=1), $F$12, IF(AND($B$15="Bi-Annual Flush (Every 2 Yrs)", MOD(6,2)=1), $F$12, IF(AND($B$15="Manual Flushing Input", 6=1), $B$16, 0)))), 0))*$B$14 - (MAX(0, (IF(LEFT($B$11,7)="Plant &", ROUND(K26 / (1 - $F$13), 0), IF(LEFT($B$11,13)="Plant-Focused", ROUND(K26, 0), IF(LEFT($B$11,7)="Rainfed", 0, K28))) + IF(K20=$B$18, IF($B$15="Annual Pre-Sowing Flush", $F$12, IF(AND($B$15="Year 1 Reclamation Only", 6=1), $F$12, IF(AND($B$15="Bi-Annual Flush (Every 2 Yrs)", MOD(6,2)=1), $F$12, IF(AND($B$15="Manual Flushing Input", 6=1), $B$16, 0)))), 0)) + K25 - K24)*K66)/$B$12) / (1 + MAX(0, (IF(LEFT($B$11,7)="Plant &", ROUND(K26 / (1 - $F$13), 0), IF(LEFT($B$11,13)="Plant-Focused", ROUND(K26, 0), IF(LEFT($B$11,7)="Rainfed", 0, K28))) + IF(K20=$B$18, IF($B$15="Annual Pre-Sowing Flush", $F$12, IF(AND($B$15="Year 1 Reclamation Only", 6=1), $F$12, IF(AND($B$15="Bi-Annual Flush (Every 2 Yrs)", MOD(6,2)=1), $F$12, IF(AND($B$15="Manual Flushing Input", 6=1), $B$16, 0)))), 0)) + K25 - K24)/(2*$B$12)) -> -190.08026 | L67: =((IF(LEFT($B$11,7)="Plant &", ROUND(L26 / (1 - $F$13), 0), IF(LEFT($B$11,13)="Plant-Focused", ROUND(L26, 0), IF(LEFT($B$11,7)="Rainfed", 0, L28))) + IF(L20=$B$18, IF($B$15="Annual Pre-Sowing Flush", $F$12, IF(AND($B$15="Year 1 Reclamation Only", 6=1), $F$12, IF(AND($B$15="Bi-Annual Flush (Every 2 Yrs)", MOD(6,2)=1), $F$12, IF(AND($B$15="Manual Flushing Input", 6=1), $B$16, 0)))), 0))*$B$14 - (MAX(0, (IF(LEFT($B$11,7)="Plant &", ROUND(L26 / (1 - $F$13), 0), IF(LEFT($B$11,13)="Plant-Focused", ROUND(L26, 0), IF(LEFT($B$11,7)="Rainfed", 0, L28))) + IF(L20=$B$18, IF($B$15="Annual Pre-Sowing Flush", $F$12, IF(AND($B$15="Year 1 Reclamation Only", 6=1), $F$12, IF(AND($B$15="Bi-Annual Flush (Every 2 Yrs)", MOD(6,2)=1), $F$12, IF(AND($B$15="Manual Flushing Input", 6=1), $B$16, 0)))), 0)) + L25 - L24)*L66)/$B$12) / (1 + MAX(0, (IF(LEFT($B$11,7)="Plant &", ROUND(L26 / (1 - $F$13), 0), IF(LEFT($B$11,13)="Plant-Focused", ROUND(L26, 0), IF(LEFT($B$11,7)="Rainfed", 0, L28))) + IF(L20=$B$18, IF($B$15="Annual Pre-Sowing Flush", $F$12, IF(AND($B$15="Year 1 Reclamation Only", 6=1), $F$12, IF(AND($B$15="Bi-Annual Flush (Every 2 Yrs)", MOD(6,2)=1), $F$12, IF(AND($B$15="Manual Flushing Input", 6=1), $B$16, 0)))), 0)) + L25 - L24)/(2*$B$12)) -> -65.035283 | ... P67: =((IF(LEFT($B$11,7)="Plant &", ROUND(P26 / (1 - $F$13), 0), IF(LEFT($B$11,13)="Plant-Focused", ROUND(P26, 0), IF(LEFT($B$11,7)="Rainfed", 0, P28))) + IF(P20=$B$18, IF($B$15="Annual Pre-Sowing Flush", $F$12, IF(AND($B$15="Year 1 Reclamation Only", 6=1), $F$12, IF(AND($B$15="Bi-Annual Flush (Every 2 Yrs)", MOD(6,2)=1), $F$12, IF(AND($B$15="Manual Flushing Input", 6=1), $B$16, 0)))), 0))*$B$14 - (MAX(0, (IF(LEFT($B$11,7)="Plant &", ROUND(P26 / (1 - $F$13), 0), IF(LEFT($B$11,13)="Plant-Focused", ROUND(P26, 0), IF(LEFT($B$11,7)="Rainfed", 0, P28))) + IF(P20=$B$18, IF($B$15="Annual Pre-Sowing Flush", $F$12, IF(AND($B$15="Year 1 Reclamation Only", 6=1), $F$12, IF(AND($B$15="Bi-Annual Flush (Every 2 Yrs)", MOD(6,2)=1), $F$12, IF(AND($B$15="Manual Flushing Input", 6=1), $B$16, 0)))), 0)) + P25 - P24)*P66)/$B$12) / (1 + MAX(0, (IF(LEFT($B$11,7)="Plant &", ROUND(P26 / (1 - $F$13), 0), IF(LEFT($B$11,13)="Plant-Focused", ROUND(P26, 0), IF(LEFT($B$11,7)="Rainfed", 0, P28))) + IF(P20=$B$18, IF($B$15="Annual Pre-Sowing Flush", $F$12, IF(AND($B$15="Year 1 Reclamation Only", 6=1), $F$12, IF(AND($B$15="Bi-Annual Flush (Every 2 Yrs)", MOD(6,2)=1), $F$12, IF(AND($B$15="Manual Flushing Input", 6=1), $B$16, 0)))), 0)) + P25 - P24)/(2*$B$12)) -> -115.02454
B68: Z2 (End Salt Mass) | C68: ECmm | D68: =AVERAGE(E68:P68) -> 4082.0337 | E68: =E66 + E67 -> 4050.9638 | F68: =F66 + F67 -> 4097.8063 | G68: =G66 + G67 -> 4151.0294 | H68: =H66 + H67 -> 4203.9175 | I68: =I66 + I67 -> 4244.8902 | J68: =J66 + J67 -> 4265.6247 | K68: =K66 + K67 -> 4075.5444 | L68: =L66 + L67 -> 4010.5091 | ... P68: =P66 + P67 -> 3874.038
B69: ECe (Soil Extract Salinity) | C69: dS/m | D69: =AVERAGE(E69:P69) -> 5.471895 | E69: =E68 / (2 * $B$12) -> 5.4302464 | F69: =F68 / (2 * $B$12) -> 5.4930379 | G69: =G68 / (2 * $B$12) -> 5.5643826 | H69: =H68 / (2 * $B$12) -> 5.6352781 | I69: =I68 / (2 * $B$12) -> 5.6902014 | J69: =J68 / (2 * $B$12) -> 5.7179955 | K69: =K68 / (2 * $B$12) -> 5.4631962 | L69: =L68 / (2 * $B$12) -> 5.3760176 | ... P69: =P68 / (2 * $B$12) -> 5.1930804
A72: Year 7 Projection | B72: Z1 (Start Salt Mass) | C72: ECmm | D72: =AVERAGE(E72:P72) -> 3974.5572 | E72: =P68 -> 3874.038 | F72: =E74 -> 3906.7912 | G72: =F74 -> 3960.2428 | H72: =G74 -> 4022.3352 | I72: =H74 -> 4083.1972 | J72: =I74 -> 4129.7812 | K72: =J74 -> 4152.9582 | L72: =K74 -> 3967.8985 | M72: =L74 -> 3904.581 | ... P72: =O74 -> 3883.7009
B73: dZ (Salt Mass Change) | C73: ECmm | D73: =SUM(E73:P73) -> -101.75246 | E73: =((IF(LEFT($B$11,7)="Plant &", ROUND(E26 / (1 - $F$13), 0), IF(LEFT($B$11,13)="Plant-Focused", ROUND(E26, 0), IF(LEFT($B$11,7)="Rainfed", 0, E28))) + IF(E20=$B$18, IF($B$15="Annual Pre-Sowing Flush", $F$12, IF(AND($B$15="Year 1 Reclamation Only", 7=1), $F$12, IF(AND($B$15="Bi-Annual Flush (Every 2 Yrs)", MOD(7,2)=1), $F$12, IF(AND($B$15="Manual Flushing Input", 7=1), $B$16, 0)))), 0))*$B$14 - (MAX(0, (IF(LEFT($B$11,7)="Plant &", ROUND(E26 / (1 - $F$13), 0), IF(LEFT($B$11,13)="Plant-Focused", ROUND(E26, 0), IF(LEFT($B$11,7)="Rainfed", 0, E28))) + IF(E20=$B$18, IF($B$15="Annual Pre-Sowing Flush", $F$12, IF(AND($B$15="Year 1 Reclamation Only", 7=1), $F$12, IF(AND($B$15="Bi-Annual Flush (Every 2 Yrs)", MOD(7,2)=1), $F$12, IF(AND($B$15="Manual Flushing Input", 7=1), $B$16, 0)))), 0)) + E25 - E24)*E72)/$B$12) / (1 + MAX(0, (IF(LEFT($B$11,7)="Plant &", ROUND(E26 / (1 - $F$13), 0), IF(LEFT($B$11,13)="Plant-Focused", ROUND(E26, 0), IF(LEFT($B$11,7)="Rainfed", 0, E28))) + IF(E20=$B$18, IF($B$15="Annual Pre-Sowing Flush", $F$12, IF(AND($B$15="Year 1 Reclamation Only", 7=1), $F$12, IF(AND($B$15="Bi-Annual Flush (Every 2 Yrs)", MOD(7,2)=1), $F$12, IF(AND($B$15="Manual Flushing Input", 7=1), $B$16, 0)))), 0)) + E25 - E24)/(2*$B$12)) -> 32.753195 | F73: =((IF(LEFT($B$11,7)="Plant &", ROUND(F26 / (1 - $F$13), 0), IF(LEFT($B$11,13)="Plant-Focused", ROUND(F26, 0), IF(LEFT($B$11,7)="Rainfed", 0, F28))) + IF(F20=$B$18, IF($B$15="Annual Pre-Sowing Flush", $F$12, IF(AND($B$15="Year 1 Reclamation Only", 7=1), $F$12, IF(AND($B$15="Bi-Annual Flush (Every 2 Yrs)", MOD(7,2)=1), $F$12, IF(AND($B$15="Manual Flushing Input", 7=1), $B$16, 0)))), 0))*$B$14 - (MAX(0, (IF(LEFT($B$11,7)="Plant &", ROUND(F26 / (1 - $F$13), 0), IF(LEFT($B$11,13)="Plant-Focused", ROUND(F26, 0), IF(LEFT($B$11,7)="Rainfed", 0, F28))) + IF(F20=$B$18, IF($B$15="Annual Pre-Sowing Flush", $F$12, IF(AND($B$15="Year 1 Reclamation Only", 7=1), $F$12, IF(AND($B$15="Bi-Annual Flush (Every 2 Yrs)", MOD(7,2)=1), $F$12, IF(AND($B$15="Manual Flushing Input", 7=1), $B$16, 0)))), 0)) + F25 - F24)*F72)/$B$12) / (1 + MAX(0, (IF(LEFT($B$11,7)="Plant &", ROUND(F26 / (1 - $F$13), 0), IF(LEFT($B$11,13)="Plant-Focused", ROUND(F26, 0), IF(LEFT($B$11,7)="Rainfed", 0, F28))) + IF(F20=$B$18, IF($B$15="Annual Pre-Sowing Flush", $F$12, IF(AND($B$15="Year 1 Reclamation Only", 7=1), $F$12, IF(AND($B$15="Bi-Annual Flush (Every 2 Yrs)", MOD(7,2)=1), $F$12, IF(AND($B$15="Manual Flushing Input", 7=1), $B$16, 0)))), 0)) + F25 - F24)/(2*$B$12)) -> 53.451615 | G73: =((IF(LEFT($B$11,7)="Plant &", ROUND(G26 / (1 - $F$13), 0), IF(LEFT($B$11,13)="Plant-Focused", ROUND(G26, 0), IF(LEFT($B$11,7)="Rainfed", 0, G28))) + IF(G20=$B$18, IF($B$15="Annual Pre-Sowing Flush", $F$12, IF(AND($B$15="Year 1 Reclamation Only", 7=1), $F$12, IF(AND($B$15="Bi-Annual Flush (Every 2 Yrs)", MOD(7,2)=1), $F$12, IF(AND($B$15="Manual Flushing Input", 7=1), $B$16, 0)))), 0))*$B$14 - (MAX(0, (IF(LEFT($B$11,7)="Plant &", ROUND(G26 / (1 - $F$13), 0), IF(LEFT($B$11,13)="Plant-Focused", ROUND(G26, 0), IF(LEFT($B$11,7)="Rainfed", 0, G28))) + IF(G20=$B$18, IF($B$15="Annual Pre-Sowing Flush", $F$12, IF(AND($B$15="Year 1 Reclamation Only", 7=1), $F$12, IF(AND($B$15="Bi-Annual Flush (Every 2 Yrs)", MOD(7,2)=1), $F$12, IF(AND($B$15="Manual Flushing Input", 7=1), $B$16, 0)))), 0)) + G25 - G24)*G72)/$B$12) / (1 + MAX(0, (IF(LEFT($B$11,7)="Plant &", ROUND(G26 / (1 - $F$13), 0), IF(LEFT($B$11,13)="Plant-Focused", ROUND(G26, 0), IF(LEFT($B$11,7)="Rainfed", 0, G28))) + IF(G20=$B$18, IF($B$15="Annual Pre-Sowing Flush", $F$12, IF(AND($B$15="Year 1 Reclamation Only", 7=1), $F$12, IF(AND($B$15="Bi-Annual Flush (Every 2 Yrs)", MOD(7,2)=1), $F$12, IF(AND($B$15="Manual Flushing Input", 7=1), $B$16, 0)))), 0)) + G25 - G24)/(2*$B$12)) -> 62.092407 | H73: =((IF(LEFT($B$11,7)="Plant &", ROUND(H26 / (1 - $F$13), 0), IF(LEFT($B$11,13)="Plant-Focused", ROUND(H26, 0), IF(LEFT($B$11,7)="Rainfed", 0, H28))) + IF(H20=$B$18, IF($B$15="Annual Pre-Sowing Flush", $F$12, IF(AND($B$15="Year 1 Reclamation Only", 7=1), $F$12, IF(AND($B$15="Bi-Annual Flush (Every 2 Yrs)", MOD(7,2)=1), $F$12, IF(AND($B$15="Manual Flushing Input", 7=1), $B$16, 0)))), 0))*$B$14 - (MAX(0, (IF(LEFT($B$11,7)="Plant &", ROUND(H26 / (1 - $F$13), 0), IF(LEFT($B$11,13)="Plant-Focused", ROUND(H26, 0), IF(LEFT($B$11,7)="Rainfed", 0, H28))) + IF(H20=$B$18, IF($B$15="Annual Pre-Sowing Flush", $F$12, IF(AND($B$15="Year 1 Reclamation Only", 7=1), $F$12, IF(AND($B$15="Bi-Annual Flush (Every 2 Yrs)", MOD(7,2)=1), $F$12, IF(AND($B$15="Manual Flushing Input", 7=1), $B$16, 0)))), 0)) + H25 - H24)*H72)/$B$12) / (1 + MAX(0, (IF(LEFT($B$11,7)="Plant &", ROUND(H26 / (1 - $F$13), 0), IF(LEFT($B$11,13)="Plant-Focused", ROUND(H26, 0), IF(LEFT($B$11,7)="Rainfed", 0, H28))) + IF(H20=$B$18, IF($B$15="Annual Pre-Sowing Flush", $F$12, IF(AND($B$15="Year 1 Reclamation Only", 7=1), $F$12, IF(AND($B$15="Bi-Annual Flush (Every 2 Yrs)", MOD(7,2)=1), $F$12, IF(AND($B$15="Manual Flushing Input", 7=1), $B$16, 0)))), 0)) + H25 - H24)/(2*$B$12)) -> 60.861999 | I73: =((IF(LEFT($B$11,7)="Plant &", ROUND(I26 / (1 - $F$13), 0), IF(LEFT($B$11,13)="Plant-Focused", ROUND(I26, 0), IF(LEFT($B$11,7)="Rainfed", 0, I28))) + IF(I20=$B$18, IF($B$15="Annual Pre-Sowing Flush", $F$12, IF(AND($B$15="Year 1 Reclamation Only", 7=1), $F$12, IF(AND($B$15="Bi-Annual Flush (Every 2 Yrs)", MOD(7,2)=1), $F$12, IF(AND($B$15="Manual Flushing Input", 7=1), $B$16, 0)))), 0))*$B$14 - (MAX(0, (IF(LEFT($B$11,7)="Plant &", ROUND(I26 / (1 - $F$13), 0), IF(LEFT($B$11,13)="Plant-Focused", ROUND(I26, 0), IF(LEFT($B$11,7)="Rainfed", 0, I28))) + IF(I20=$B$18, IF($B$15="Annual Pre-Sowing Flush", $F$12, IF(AND($B$15="Year 1 Reclamation Only", 7=1), $F$12, IF(AND($B$15="Bi-Annual Flush (Every 2 Yrs)", MOD(7,2)=1), $F$12, IF(AND($B$15="Manual Flushing Input", 7=1), $B$16, 0)))), 0)) + I25 - I24)*I72)/$B$12) / (1 + MAX(0, (IF(LEFT($B$11,7)="Plant &", ROUND(I26 / (1 - $F$13), 0), IF(LEFT($B$11,13)="Plant-Focused", ROUND(I26, 0), IF(LEFT($B$11,7)="Rainfed", 0, I28))) + IF(I20=$B$18, IF($B$15="Annual Pre-Sowing Flush", $F$12, IF(AND($B$15="Year 1 Reclamation Only", 7=1), $F$12, IF(AND($B$15="Bi-Annual Flush (Every 2 Yrs)", MOD(7,2)=1), $F$12, IF(AND($B$15="Manual Flushing Input", 7=1), $B$16, 0)))), 0)) + I25 - I24)/(2*$B$12)) -> 46.583959 | J73: =((IF(LEFT($B$11,7)="Plant &", ROUND(J26 / (1 - $F$13), 0), IF(LEFT($B$11,13)="Plant-Focused", ROUND(J26, 0), IF(LEFT($B$11,7)="Rainfed", 0, J28))) + IF(J20=$B$18, IF($B$15="Annual Pre-Sowing Flush", $F$12, IF(AND($B$15="Year 1 Reclamation Only", 7=1), $F$12, IF(AND($B$15="Bi-Annual Flush (Every 2 Yrs)", MOD(7,2)=1), $F$12, IF(AND($B$15="Manual Flushing Input", 7=1), $B$16, 0)))), 0))*$B$14 - (MAX(0, (IF(LEFT($B$11,7)="Plant &", ROUND(J26 / (1 - $F$13), 0), IF(LEFT($B$11,13)="Plant-Focused", ROUND(J26, 0), IF(LEFT($B$11,7)="Rainfed", 0, J28))) + IF(J20=$B$18, IF($B$15="Annual Pre-Sowing Flush", $F$12, IF(AND($B$15="Year 1 Reclamation Only", 7=1), $F$12, IF(AND($B$15="Bi-Annual Flush (Every 2 Yrs)", MOD(7,2)=1), $F$12, IF(AND($B$15="Manual Flushing Input", 7=1), $B$16, 0)))), 0)) + J25 - J24)*J72)/$B$12) / (1 + MAX(0, (IF(LEFT($B$11,7)="Plant &", ROUND(J26 / (1 - $F$13), 0), IF(LEFT($B$11,13)="Plant-Focused", ROUND(J26, 0), IF(LEFT($B$11,7)="Rainfed", 0, J28))) + IF(J20=$B$18, IF($B$15="Annual Pre-Sowing Flush", $F$12, IF(AND($B$15="Year 1 Reclamation Only", 7=1), $F$12, IF(AND($B$15="Bi-Annual Flush (Every 2 Yrs)", MOD(7,2)=1), $F$12, IF(AND($B$15="Manual Flushing Input", 7=1), $B$16, 0)))), 0)) + J25 - J24)/(2*$B$12)) -> 23.177057 | K73: =((IF(LEFT($B$11,7)="Plant &", ROUND(K26 / (1 - $F$13), 0), IF(LEFT($B$11,13)="Plant-Focused", ROUND(K26, 0), IF(LEFT($B$11,7)="Rainfed", 0, K28))) + IF(K20=$B$18, IF($B$15="Annual Pre-Sowing Flush", $F$12, IF(AND($B$15="Year 1 Reclamation Only", 7=1), $F$12, IF(AND($B$15="Bi-Annual Flush (Every 2 Yrs)", MOD(7,2)=1), $F$12, IF(AND($B$15="Manual Flushing Input", 7=1), $B$16, 0)))), 0))*$B$14 - (MAX(0, (IF(LEFT($B$11,7)="Plant &", ROUND(K26 / (1 - $F$13), 0), IF(LEFT($B$11,13)="Plant-Focused", ROUND(K26, 0), IF(LEFT($B$11,7)="Rainfed", 0, K28))) + IF(K20=$B$18, IF($B$15="Annual Pre-Sowing Flush", $F$12, IF(AND($B$15="Year 1 Reclamation Only", 7=1), $F$12, IF(AND($B$15="Bi-Annual Flush (Every 2 Yrs)", MOD(7,2)=1), $F$12, IF(AND($B$15="Manual Flushing Input", 7=1), $B$16, 0)))), 0)) + K25 - K24)*K72)/$B$12) / (1 + MAX(0, (IF(LEFT($B$11,7)="Plant &", ROUND(K26 / (1 - $F$13), 0), IF(LEFT($B$11,13)="Plant-Focused", ROUND(K26, 0), IF(LEFT($B$11,7)="Rainfed", 0, K28))) + IF(K20=$B$18, IF($B$15="Annual Pre-Sowing Flush", $F$12, IF(AND($B$15="Year 1 Reclamation Only", 7=1), $F$12, IF(AND($B$15="Bi-Annual Flush (Every 2 Yrs)", MOD(7,2)=1), $F$12, IF(AND($B$15="Manual Flushing Input", 7=1), $B$16, 0)))), 0)) + K25 - K24)/(2*$B$12)) -> -185.05974 | L73: =((IF(LEFT($B$11,7)="Plant &", ROUND(L26 / (1 - $F$13), 0), IF(LEFT($B$11,13)="Plant-Focused", ROUND(L26, 0), IF(LEFT($B$11,7)="Rainfed", 0, L28))) + IF(L20=$B$18, IF($B$15="Annual Pre-Sowing Flush", $F$12, IF(AND($B$15="Year 1 Reclamation Only", 7=1), $F$12, IF(AND($B$15="Bi-Annual Flush (Every 2 Yrs)", MOD(7,2)=1), $F$12, IF(AND($B$15="Manual Flushing Input", 7=1), $B$16, 0)))), 0))*$B$14 - (MAX(0, (IF(LEFT($B$11,7)="Plant &", ROUND(L26 / (1 - $F$13), 0), IF(LEFT($B$11,13)="Plant-Focused", ROUND(L26, 0), IF(LEFT($B$11,7)="Rainfed", 0, L28))) + IF(L20=$B$18, IF($B$15="Annual Pre-Sowing Flush", $F$12, IF(AND($B$15="Year 1 Reclamation Only", 7=1), $F$12, IF(AND($B$15="Bi-Annual Flush (Every 2 Yrs)", MOD(7,2)=1), $F$12, IF(AND($B$15="Manual Flushing Input", 7=1), $B$16, 0)))), 0)) + L25 - L24)*L72)/$B$12) / (1 + MAX(0, (IF(LEFT($B$11,7)="Plant &", ROUND(L26 / (1 - $F$13), 0), IF(LEFT($B$11,13)="Plant-Focused", ROUND(L26, 0), IF(LEFT($B$11,7)="Rainfed", 0, L28))) + IF(L20=$B$18, IF($B$15="Annual Pre-Sowing Flush", $F$12, IF(AND($B$15="Year 1 Reclamation Only", 7=1), $F$12, IF(AND($B$15="Bi-Annual Flush (Every 2 Yrs)", MOD(7,2)=1), $F$12, IF(AND($B$15="Manual Flushing Input", 7=1), $B$16, 0)))), 0)) + L25 - L24)/(2*$B$12)) -> -63.317529 | ... P73: =((IF(LEFT($B$11,7)="Plant &", ROUND(P26 / (1 - $F$13), 0), IF(LEFT($B$11,13)="Plant-Focused", ROUND(P26, 0), IF(LEFT($B$11,7)="Rainfed", 0, P28))) + IF(P20=$B$18, IF($B$15="Annual Pre-Sowing Flush", $F$12, IF(AND($B$15="Year 1 Reclamation Only", 7=1), $F$12, IF(AND($B$15="Bi-Annual Flush (Every 2 Yrs)", MOD(7,2)=1), $F$12, IF(AND($B$15="Manual Flushing Input", 7=1), $B$16, 0)))), 0))*$B$14 - (MAX(0, (IF(LEFT($B$11,7)="Plant &", ROUND(P26 / (1 - $F$13), 0), IF(LEFT($B$11,13)="Plant-Focused", ROUND(P26, 0), IF(LEFT($B$11,7)="Rainfed", 0, P28))) + IF(P20=$B$18, IF($B$15="Annual Pre-Sowing Flush", $F$12, IF(AND($B$15="Year 1 Reclamation Only", 7=1), $F$12, IF(AND($B$15="Bi-Annual Flush (Every 2 Yrs)", MOD(7,2)=1), $F$12, IF(AND($B$15="Manual Flushing Input", 7=1), $B$16, 0)))), 0)) + P25 - P24)*P72)/$B$12) / (1 + MAX(0, (IF(LEFT($B$11,7)="Plant &", ROUND(P26 / (1 - $F$13), 0), IF(LEFT($B$11,13)="Plant-Focused", ROUND(P26, 0), IF(LEFT($B$11,7)="Rainfed", 0, P28))) + IF(P20=$B$18, IF($B$15="Annual Pre-Sowing Flush", $F$12, IF(AND($B$15="Year 1 Reclamation Only", 7=1), $F$12, IF(AND($B$15="Bi-Annual Flush (Every 2 Yrs)", MOD(7,2)=1), $F$12, IF(AND($B$15="Manual Flushing Input", 7=1), $B$16, 0)))), 0)) + P25 - P24)/(2*$B$12)) -> -111.41531
B74: Z2 (End Salt Mass) | C74: ECmm | D74: =AVERAGE(E74:P74) -> 3966.0778 | E74: =E72 + E73 -> 3906.7912 | F74: =F72 + F73 -> 3960.2428 | G74: =G72 + G73 -> 4022.3352 | H74: =H72 + H73 -> 4083.1972 | I74: =I72 + I73 -> 4129.7812 | J74: =J72 + J73 -> 4152.9582 | K74: =K72 + K73 -> 3967.8985 | L74: =L72 + L73 -> 3904.581 | ... P74: =P72 + P73 -> 3772.2855
B75: ECe (Soil Extract Salinity) | C75: dS/m | D75: =AVERAGE(E75:P75) -> 5.3164582 | E75: =E74 / (2 * $B$12) -> 5.2369855 | F75: =F74 / (2 * $B$12) -> 5.3086365 | G75: =G74 / (2 * $B$12) -> 5.3918703 | H75: =H74 / (2 * $B$12) -> 5.4734547 | I75: =I74 / (2 * $B$12) -> 5.5358997 | J75: =J74 / (2 * $B$12) -> 5.5669681 | K75: =K74 / (2 * $B$12) -> 5.3188988 | L75: =L74 / (2 * $B$12) -> 5.2340227 | ... P75: =P74 / (2 * $B$12) -> 5.056683
A78: Year 8 Projection | B78: Z1 (Start Salt Mass) | C78: ECmm | D78: =AVERAGE(E78:P78) -> 3892.6654 | E78: =P74 -> 3772.2855 | F78: =E80 -> 3808.3133 | G78: =F80 -> 3866.2793 | H78: =G80 -> 3934.4299 | I78: =H80 -> 4000.7385 | J78: =I80 -> 4051.1553 | K78: =J80 -> 4076.0008 | L78: =K80 -> 3894.3703 | M78: =L80 -> 3832.2261 | ... P78: =O80 -> 3811.7329
B79: dZ (Salt Mass Change) | C79: ECmm | D79: =SUM(E79:P79) -> -69.502604 | E79: =((IF(LEFT($B$11,7)="Plant &", ROUND(E26 / (1 - $F$13), 0), IF(LEFT($B$11,13)="Plant-Focused", ROUND(E26, 0), IF(LEFT($B$11,7)="Rainfed", 0, E28))) + IF(E20=$B$18, IF($B$15="Annual Pre-Sowing Flush", $F$12, IF(AND($B$15="Year 1 Reclamation Only", 8=1), $F$12, IF(AND($B$15="Bi-Annual Flush (Every 2 Yrs)", MOD(8,2)=1), $F$12, IF(AND($B$15="Manual Flushing Input", 8=1), $B$16, 0)))), 0))*$B$14 - (MAX(0, (IF(LEFT($B$11,7)="Plant &", ROUND(E26 / (1 - $F$13), 0), IF(LEFT($B$11,13)="Plant-Focused", ROUND(E26, 0), IF(LEFT($B$11,7)="Rainfed", 0, E28))) + IF(E20=$B$18, IF($B$15="Annual Pre-Sowing Flush", $F$12, IF(AND($B$15="Year 1 Reclamation Only", 8=1), $F$12, IF(AND($B$15="Bi-Annual Flush (Every 2 Yrs)", MOD(8,2)=1), $F$12, IF(AND($B$15="Manual Flushing Input", 8=1), $B$16, 0)))), 0)) + E25 - E24)*E78)/$B$12) / (1 + MAX(0, (IF(LEFT($B$11,7)="Plant &", ROUND(E26 / (1 - $F$13), 0), IF(LEFT($B$11,13)="Plant-Focused", ROUND(E26, 0), IF(LEFT($B$11,7)="Rainfed", 0, E28))) + IF(E20=$B$18, IF($B$15="Annual Pre-Sowing Flush", $F$12, IF(AND($B$15="Year 1 Reclamation Only", 8=1), $F$12, IF(AND($B$15="Bi-Annual Flush (Every 2 Yrs)", MOD(8,2)=1), $F$12, IF(AND($B$15="Manual Flushing Input", 8=1), $B$16, 0)))), 0)) + E25 - E24)/(2*$B$12)) -> 36.02774 | F79: =((IF(LEFT($B$11,7)="Plant &", ROUND(F26 / (1 - $F$13), 0), IF(LEFT($B$11,13)="Plant-Focused", ROUND(F26, 0), IF(LEFT($B$11,7)="Rainfed", 0, F28))) + IF(F20=$B$18, IF($B$15="Annual Pre-Sowing Flush", $F$12, IF(AND($B$15="Year 1 Reclamation Only", 8=1), $F$12, IF(AND($B$15="Bi-Annual Flush (Every 2 Yrs)", MOD(8,2)=1), $F$12, IF(AND($B$15="Manual Flushing Input", 8=1), $B$16, 0)))), 0))*$B$14 - (MAX(0, (IF(LEFT($B$11,7)="Plant &", ROUND(F26 / (1 - $F$13), 0), IF(LEFT($B$11,13)="Plant-Focused", ROUND(F26, 0), IF(LEFT($B$11,7)="Rainfed", 0, F28))) + IF(F20=$B$18, IF($B$15="Annual Pre-Sowing Flush", $F$12, IF(AND($B$15="Year 1 Reclamation Only", 8=1), $F$12, IF(AND($B$15="Bi-Annual Flush (Every 2 Yrs)", MOD(8,2)=1), $F$12, IF(AND($B$15="Manual Flushing Input", 8=1), $B$16, 0)))), 0)) + F25 - F24)*F78)/$B$12) / (1 + MAX(0, (IF(LEFT($B$11,7)="Plant &", ROUND(F26 / (1 - $F$13), 0), IF(LEFT($B$11,13)="Plant-Focused", ROUND(F26, 0), IF(LEFT($B$11,7)="Rainfed", 0, F28))) + IF(F20=$B$18, IF($B$15="Annual Pre-Sowing Flush", $F$12, IF(AND($B$15="Year 1 Reclamation Only", 8=1), $F$12, IF(AND($B$15="Bi-Annual Flush (Every 2 Yrs)", MOD(8,2)=1), $F$12, IF(AND($B$15="Manual Flushing Input", 8=1), $B$16, 0)))), 0)) + F25 - F24)/(2*$B$12)) -> 57.965992 | G79: =((IF(LEFT($B$11,7)="Plant &", ROUND(G26 / (1 - $F$13), 0), IF(LEFT($B$11,13)="Plant-Focused", ROUND(G26, 0), IF(LEFT($B$11,7)="Rainfed", 0, G28))) + IF(G20=$B$18, IF($B$15="Annual Pre-Sowing Flush", $F$12, IF(AND($B$15="Year 1 Reclamation Only", 8=1), $F$12, IF(AND($B$15="Bi-Annual Flush (Every 2 Yrs)", MOD(8,2)=1), $F$12, IF(AND($B$15="Manual Flushing Input", 8=1), $B$16, 0)))), 0))*$B$14 - (MAX(0, (IF(LEFT($B$11,7)="Plant &", ROUND(G26 / (1 - $F$13), 0), IF(LEFT($B$11,13)="Plant-Focused", ROUND(G26, 0), IF(LEFT($B$11,7)="Rainfed", 0, G28))) + IF(G20=$B$18, IF($B$15="Annual Pre-Sowing Flush", $F$12, IF(AND($B$15="Year 1 Reclamation Only", 8=1), $F$12, IF(AND($B$15="Bi-Annual Flush (Every 2 Yrs)", MOD(8,2)=1), $F$12, IF(AND($B$15="Manual Flushing Input", 8=1), $B$16, 0)))), 0)) + G25 - G24)*G78)/$B$12) / (1 + MAX(0, (IF(LEFT($B$11,7)="Plant &", ROUND(G26 / (1 - $F$13), 0), IF(LEFT($B$11,13)="Plant-Focused", ROUND(G26, 0), IF(LEFT($B$11,7)="Rainfed", 0, G28))) + IF(G20=$B$18, IF($B$15="Annual Pre-Sowing Flush", $F$12, IF(AND($B$15="Year 1 Reclamation Only", 8=1), $F$12, IF(AND($B$15="Bi-Annual Flush (Every 2 Yrs)", MOD(8,2)=1), $F$12, IF(AND($B$15="Manual Flushing Input", 8=1), $B$16, 0)))), 0)) + G25 - G24)/(2*$B$12)) -> 68.150639 | H79: =((IF(LEFT($B$11,7)="Plant &", ROUND(H26 / (1 - $F$13), 0), IF(LEFT($B$11,13)="Plant-Focused", ROUND(H26, 0), IF(LEFT($B$11,7)="Rainfed", 0, H28))) + IF(H20=$B$18, IF($B$15="Annual Pre-Sowing Flush", $F$12, IF(AND($B$15="Year 1 Reclamation Only", 8=1), $F$12, IF(AND($B$15="Bi-Annual Flush (Every 2 Yrs)", MOD(8,2)=1), $F$12, IF(AND($B$15="Manual Flushing Input", 8=1), $B$16, 0)))), 0))*$B$14 - (MAX(0, (IF(LEFT($B$11,7)="Plant &", ROUND(H26 / (1 - $F$13), 0), IF(LEFT($B$11,13)="Plant-Focused", ROUND(H26, 0), IF(LEFT($B$11,7)="Rainfed", 0, H28))) + IF(H20=$B$18, IF($B$15="Annual Pre-Sowing Flush", $F$12, IF(AND($B$15="Year 1 Reclamation Only", 8=1), $F$12, IF(AND($B$15="Bi-Annual Flush (Every 2 Yrs)", MOD(8,2)=1), $F$12, IF(AND($B$15="Manual Flushing Input", 8=1), $B$16, 0)))), 0)) + H25 - H24)*H78)/$B$12) / (1 + MAX(0, (IF(LEFT($B$11,7)="Plant &", ROUND(H26 / (1 - $F$13), 0), IF(LEFT($B$11,13)="Plant-Focused", ROUND(H26, 0), IF(LEFT($B$11,7)="Rainfed", 0, H28))) + IF(H20=$B$18, IF($B$15="Annual Pre-Sowing Flush", $F$12, IF(AND($B$15="Year 1 Reclamation Only", 8=1), $F$12, IF(AND($B$15="Bi-Annual Flush (Every 2 Yrs)", MOD(8,2)=1), $F$12, IF(AND($B$15="Manual Flushing Input", 8=1), $B$16, 0)))), 0)) + H25 - H24)/(2*$B$12)) -> 66.308623 | I79: =((IF(LEFT($B$11,7)="Plant &", ROUND(I26 / (1 - $F$13), 0), IF(LEFT($B$11,13)="Plant-Focused", ROUND(I26, 0), IF(LEFT($B$11,7)="Rainfed", 0, I28))) + IF(I20=$B$18, IF($B$15="Annual Pre-Sowing Flush", $F$12, IF(AND($B$15="Year 1 Reclamation Only", 8=1), $F$12, IF(AND($B$15="Bi-Annual Flush (Every 2 Yrs)", MOD(8,2)=1), $F$12, IF(AND($B$15="Manual Flushing Input", 8=1), $B$16, 0)))), 0))*$B$14 - (MAX(0, (IF(LEFT($B$11,7)="Plant &", ROUND(I26 / (1 - $F$13), 0), IF(LEFT($B$11,13)="Plant-Focused", ROUND(I26, 0), IF(LEFT($B$11,7)="Rainfed", 0, I28))) + IF(I20=$B$18, IF($B$15="Annual Pre-Sowing Flush", $F$12, IF(AND($B$15="Year 1 Reclamation Only", 8=1), $F$12, IF(AND($B$15="Bi-Annual Flush (Every 2 Yrs)", MOD(8,2)=1), $F$12, IF(AND($B$15="Manual Flushing Input", 8=1), $B$16, 0)))), 0)) + I25 - I24)*I78)/$B$12) / (1 + MAX(0, (IF(LEFT($B$11,7)="Plant &", ROUND(I26 / (1 - $F$13), 0), IF(LEFT($B$11,13)="Plant-Focused", ROUND(I26, 0), IF(LEFT($B$11,7)="Rainfed", 0, I28))) + IF(I20=$B$18, IF($B$15="Annual Pre-Sowing Flush", $F$12, IF(AND($B$15="Year 1 Reclamation Only", 8=1), $F$12, IF(AND($B$15="Bi-Annual Flush (Every 2 Yrs)", MOD(8,2)=1), $F$12, IF(AND($B$15="Manual Flushing Input", 8=1), $B$16, 0)))), 0)) + I25 - I24)/(2*$B$12)) -> 50.416736 | J79: =((IF(LEFT($B$11,7)="Plant &", ROUND(J26 / (1 - $F$13), 0), IF(LEFT($B$11,13)="Plant-Focused", ROUND(J26, 0), IF(LEFT($B$11,7)="Rainfed", 0, J28))) + IF(J20=$B$18, IF($B$15="Annual Pre-Sowing Flush", $F$12, IF(AND($B$15="Year 1 Reclamation Only", 8=1), $F$12, IF(AND($B$15="Bi-Annual Flush (Every 2 Yrs)", MOD(8,2)=1), $F$12, IF(AND($B$15="Manual Flushing Input", 8=1), $B$16, 0)))), 0))*$B$14 - (MAX(0, (IF(LEFT($B$11,7)="Plant &", ROUND(J26 / (1 - $F$13), 0), IF(LEFT($B$11,13)="Plant-Focused", ROUND(J26, 0), IF(LEFT($B$11,7)="Rainfed", 0, J28))) + IF(J20=$B$18, IF($B$15="Annual Pre-Sowing Flush", $F$12, IF(AND($B$15="Year 1 Reclamation Only", 8=1), $F$12, IF(AND($B$15="Bi-Annual Flush (Every 2 Yrs)", MOD(8,2)=1), $F$12, IF(AND($B$15="Manual Flushing Input", 8=1), $B$16, 0)))), 0)) + J25 - J24)*J78)/$B$12) / (1 + MAX(0, (IF(LEFT($B$11,7)="Plant &", ROUND(J26 / (1 - $F$13), 0), IF(LEFT($B$11,13)="Plant-Focused", ROUND(J26, 0), IF(LEFT($B$11,7)="Rainfed", 0, J28))) + IF(J20=$B$18, IF($B$15="Annual Pre-Sowing Flush", $F$12, IF(AND($B$15="Year 1 Reclamation Only", 8=1), $F$12, IF(AND($B$15="Bi-Annual Flush (Every 2 Yrs)", MOD(8,2)=1), $F$12, IF(AND($B$15="Manual Flushing Input", 8=1), $B$16, 0)))), 0)) + J25 - J24)/(2*$B$12)) -> 24.845511 | K79: =((IF(LEFT($B$11,7)="Plant &", ROUND(K26 / (1 - $F$13), 0), IF(LEFT($B$11,13)="Plant-Focused", ROUND(K26, 0), IF(LEFT($B$11,7)="Rainfed", 0, K28))) + IF(K20=$B$18, IF($B$15="Annual Pre-Sowing Flush", $F$12, IF(AND($B$15="Year 1 Reclamation Only", 8=1), $F$12, IF(AND($B$15="Bi-Annual Flush (Every 2 Yrs)", MOD(8,2)=1), $F$12, IF(AND($B$15="Manual Flushing Input", 8=1), $B$16, 0)))), 0))*$B$14 - (MAX(0, (IF(LEFT($B$11,7)="Plant &", ROUND(K26 / (1 - $F$13), 0), IF(LEFT($B$11,13)="Plant-Focused", ROUND(K26, 0), IF(LEFT($B$11,7)="Rainfed", 0, K28))) + IF(K20=$B$18, IF($B$15="Annual Pre-Sowing Flush", $F$12, IF(AND($B$15="Year 1 Reclamation Only", 8=1), $F$12, IF(AND($B$15="Bi-Annual Flush (Every 2 Yrs)", MOD(8,2)=1), $F$12, IF(AND($B$15="Manual Flushing Input", 8=1), $B$16, 0)))), 0)) + K25 - K24)*K78)/$B$12) / (1 + MAX(0, (IF(LEFT($B$11,7)="Plant &", ROUND(K26 / (1 - $F$13), 0), IF(LEFT($B$11,13)="Plant-Focused", ROUND(K26, 0), IF(LEFT($B$11,7)="Rainfed", 0, K28))) + IF(K20=$B$18, IF($B$15="Annual Pre-Sowing Flush", $F$12, IF(AND($B$15="Year 1 Reclamation Only", 8=1), $F$12, IF(AND($B$15="Bi-Annual Flush (Every 2 Yrs)", MOD(8,2)=1), $F$12, IF(AND($B$15="Manual Flushing Input", 8=1), $B$16, 0)))), 0)) + K25 - K24)/(2*$B$12)) -> -181.63044 | L79: =((IF(LEFT($B$11,7)="Plant &", ROUND(L26 / (1 - $F$13), 0), IF(LEFT($B$11,13)="Plant-Focused", ROUND(L26, 0), IF(LEFT($B$11,7)="Rainfed", 0, L28))) + IF(L20=$B$18, IF($B$15="Annual Pre-Sowing Flush", $F$12, IF(AND($B$15="Year 1 Reclamation Only", 8=1), $F$12, IF(AND($B$15="Bi-Annual Flush (Every 2 Yrs)", MOD(8,2)=1), $F$12, IF(AND($B$15="Manual Flushing Input", 8=1), $B$16, 0)))), 0))*$B$14 - (MAX(0, (IF(LEFT($B$11,7)="Plant &", ROUND(L26 / (1 - $F$13), 0), IF(LEFT($B$11,13)="Plant-Focused", ROUND(L26, 0), IF(LEFT($B$11,7)="Rainfed", 0, L28))) + IF(L20=$B$18, IF($B$15="Annual Pre-Sowing Flush", $F$12, IF(AND($B$15="Year 1 Reclamation Only", 8=1), $F$12, IF(AND($B$15="Bi-Annual Flush (Every 2 Yrs)", MOD(8,2)=1), $F$12, IF(AND($B$15="Manual Flushing Input", 8=1), $B$16, 0)))), 0)) + L25 - L24)*L78)/$B$12) / (1 + MAX(0, (IF(LEFT($B$11,7)="Plant &", ROUND(L26 / (1 - $F$13), 0), IF(LEFT($B$11,13)="Plant-Focused", ROUND(L26, 0), IF(LEFT($B$11,7)="Rainfed", 0, L28))) + IF(L20=$B$18, IF($B$15="Annual Pre-Sowing Flush", $F$12, IF(AND($B$15="Year 1 Reclamation Only", 8=1), $F$12, IF(AND($B$15="Bi-Annual Flush (Every 2 Yrs)", MOD(8,2)=1), $F$12, IF(AND($B$15="Manual Flushing Input", 8=1), $B$16, 0)))), 0)) + L25 - L24)/(2*$B$12)) -> -62.144208 | ... P79: =((IF(LEFT($B$11,7)="Plant &", ROUND(P26 / (1 - $F$13), 0), IF(LEFT($B$11,13)="Plant-Focused", ROUND(P26, 0), IF(LEFT($B$11,7)="Rainfed", 0, P28))) + IF(P20=$B$18, IF($B$15="Annual Pre-Sowing Flush", $F$12, IF(AND($B$15="Year 1 Reclamation Only", 8=1), $F$12, IF(AND($B$15="Bi-Annual Flush (Every 2 Yrs)", MOD(8,2)=1), $F$12, IF(AND($B$15="Manual Flushing Input", 8=1), $B$16, 0)))), 0))*$B$14 - (MAX(0, (IF(LEFT($B$11,7)="Plant &", ROUND(P26 / (1 - $F$13), 0), IF(LEFT($B$11,13)="Plant-Focused", ROUND(P26, 0), IF(LEFT($B$11,7)="Rainfed", 0, P28))) + IF(P20=$B$18, IF($B$15="Annual Pre-Sowing Flush", $F$12, IF(AND($B$15="Year 1 Reclamation Only", 8=1), $F$12, IF(AND($B$15="Bi-Annual Flush (Every 2 Yrs)", MOD(8,2)=1), $F$12, IF(AND($B$15="Manual Flushing Input", 8=1), $B$16, 0)))), 0)) + P25 - P24)*P78)/$B$12) / (1 + MAX(0, (IF(LEFT($B$11,7)="Plant &", ROUND(P26 / (1 - $F$13), 0), IF(LEFT($B$11,13)="Plant-Focused", ROUND(P26, 0), IF(LEFT($B$11,7)="Rainfed", 0, P28))) + IF(P20=$B$18, IF($B$15="Annual Pre-Sowing Flush", $F$12, IF(AND($B$15="Year 1 Reclamation Only", 8=1), $F$12, IF(AND($B$15="Bi-Annual Flush (Every 2 Yrs)", MOD(8,2)=1), $F$12, IF(AND($B$15="Manual Flushing Input", 8=1), $B$16, 0)))), 0)) + P25 - P24)/(2*$B$12)) -> -108.95001
B80: Z2 (End Salt Mass) | C80: ECmm | D80: =AVERAGE(E80:P80) -> 3886.8735 | E80: =E78 + E79 -> 3808.3133 | F80: =F78 + F79 -> 3866.2793 | G80: =G78 + G79 -> 3934.4299 | H80: =H78 + H79 -> 4000.7385 | I80: =I78 + I79 -> 4051.1553 | J80: =J78 + J79 -> 4076.0008 | K80: =K78 + K79 -> 3894.3703 | L80: =L78 + L79 -> 3832.2261 | ... P80: =P78 + P79 -> 3702.7829
B81: ECe (Soil Extract Salinity) | C81: dS/m | D81: =AVERAGE(E81:P81) -> 5.2102862 | E81: =E80 / (2 * $B$12) -> 5.1049776 | F81: =F80 / (2 * $B$12) -> 5.18268 | G81: =G80 / (2 * $B$12) -> 5.2740347 | H81: =H80 / (2 * $B$12) -> 5.3629203 | I81: =I80 / (2 * $B$12) -> 5.430503 | J81: =J80 / (2 * $B$12) -> 5.463808 | K81: =K80 / (2 * $B$12) -> 5.2203356 | L81: =L80 / (2 * $B$12) -> 5.1370324 | ... P81: =P80 / (2 * $B$12) -> 4.963516
A84: Year 9 Projection | B84: Z1 (Start Salt Mass) | C84: ECmm | D84: =AVERAGE(E84:P84) -> 3836.7287 | E84: =P80 -> 3702.7829 | F84: =E86 -> 3741.0474 | G84: =F86 -> 3802.0969 | H84: =G86 -> 3874.3857 | I84: =H86 -> 3944.4147 | J84: =I86 -> 3997.4494 | K84: =J86 -> 4023.4346 | L84: =K86 -> 3844.1465 | M84: =L86 -> 3782.8037 | ... P84: =O86 -> 3762.5749
B85: dZ (Salt Mass Change) | C85: ECmm | D85: =SUM(E85:P85) -> -47.474155 | E85: =((IF(LEFT($B$11,7)="Plant &", ROUND(E26 / (1 - $F$13), 0), IF(LEFT($B$11,13)="Plant-Focused", ROUND(E26, 0), IF(LEFT($B$11,7)="Rainfed", 0, E28))) + IF(E20=$B$18, IF($B$15="Annual Pre-Sowing Flush", $F$12, IF(AND($B$15="Year 1 Reclamation Only", 9=1), $F$12, IF(AND($B$15="Bi-Annual Flush (Every 2 Yrs)", MOD(9,2)=1), $F$12, IF(AND($B$15="Manual Flushing Input", 9=1), $B$16, 0)))), 0))*$B$14 - (MAX(0, (IF(LEFT($B$11,7)="Plant &", ROUND(E26 / (1 - $F$13), 0), IF(LEFT($B$11,13)="Plant-Focused", ROUND(E26, 0), IF(LEFT($B$11,7)="Rainfed", 0, E28))) + IF(E20=$B$18, IF($B$15="Annual Pre-Sowing Flush", $F$12, IF(AND($B$15="Year 1 Reclamation Only", 9=1), $F$12, IF(AND($B$15="Bi-Annual Flush (Every 2 Yrs)", MOD(9,2)=1), $F$12, IF(AND($B$15="Manual Flushing Input", 9=1), $B$16, 0)))), 0)) + E25 - E24)*E84)/$B$12) / (1 + MAX(0, (IF(LEFT($B$11,7)="Plant &", ROUND(E26 / (1 - $F$13), 0), IF(LEFT($B$11,13)="Plant-Focused", ROUND(E26, 0), IF(LEFT($B$11,7)="Rainfed", 0, E28))) + IF(E20=$B$18, IF($B$15="Annual Pre-Sowing Flush", $F$12, IF(AND($B$15="Year 1 Reclamation Only", 9=1), $F$12, IF(AND($B$15="Bi-Annual Flush (Every 2 Yrs)", MOD(9,2)=1), $F$12, IF(AND($B$15="Manual Flushing Input", 9=1), $B$16, 0)))), 0)) + E25 - E24)/(2*$B$12)) -> 38.264437 | F85: =((IF(LEFT($B$11,7)="Plant &", ROUND(F26 / (1 - $F$13), 0), IF(LEFT($B$11,13)="Plant-Focused", ROUND(F26, 0), IF(LEFT($B$11,7)="Rainfed", 0, F28))) + IF(F20=$B$18, IF($B$15="Annual Pre-Sowing Flush", $F$12, IF(AND($B$15="Year 1 Reclamation Only", 9=1), $F$12, IF(AND($B$15="Bi-Annual Flush (Every 2 Yrs)", MOD(9,2)=1), $F$12, IF(AND($B$15="Manual Flushing Input", 9=1), $B$16, 0)))), 0))*$B$14 - (MAX(0, (IF(LEFT($B$11,7)="Plant &", ROUND(F26 / (1 - $F$13), 0), IF(LEFT($B$11,13)="Plant-Focused", ROUND(F26, 0), IF(LEFT($B$11,7)="Rainfed", 0, F28))) + IF(F20=$B$18, IF($B$15="Annual Pre-Sowing Flush", $F$12, IF(AND($B$15="Year 1 Reclamation Only", 9=1), $F$12, IF(AND($B$15="Bi-Annual Flush (Every 2 Yrs)", MOD(9,2)=1), $F$12, IF(AND($B$15="Manual Flushing Input", 9=1), $B$16, 0)))), 0)) + F25 - F24)*F84)/$B$12) / (1 + MAX(0, (IF(LEFT($B$11,7)="Plant &", ROUND(F26 / (1 - $F$13), 0), IF(LEFT($B$11,13)="Plant-Focused", ROUND(F26, 0), IF(LEFT($B$11,7)="Rainfed", 0, F28))) + IF(F20=$B$18, IF($B$15="Annual Pre-Sowing Flush", $F$12, IF(AND($B$15="Year 1 Reclamation Only", 9=1), $F$12, IF(AND($B$15="Bi-Annual Flush (Every 2 Yrs)", MOD(9,2)=1), $F$12, IF(AND($B$15="Manual Flushing Input", 9=1), $B$16, 0)))), 0)) + F25 - F24)/(2*$B$12)) -> 61.049564 | G85: =((IF(LEFT($B$11,7)="Plant &", ROUND(G26 / (1 - $F$13), 0), IF(LEFT($B$11,13)="Plant-Focused", ROUND(G26, 0), IF(LEFT($B$11,7)="Rainfed", 0, G28))) + IF(G20=$B$18, IF($B$15="Annual Pre-Sowing Flush", $F$12, IF(AND($B$15="Year 1 Reclamation Only", 9=1), $F$12, IF(AND($B$15="Bi-Annual Flush (Every 2 Yrs)", MOD(9,2)=1), $F$12, IF(AND($B$15="Manual Flushing Input", 9=1), $B$16, 0)))), 0))*$B$14 - (MAX(0, (IF(LEFT($B$11,7)="Plant &", ROUND(G26 / (1 - $F$13), 0), IF(LEFT($B$11,13)="Plant-Focused", ROUND(G26, 0), IF(LEFT($B$11,7)="Rainfed", 0, G28))) + IF(G20=$B$18, IF($B$15="Annual Pre-Sowing Flush", $F$12, IF(AND($B$15="Year 1 Reclamation Only", 9=1), $F$12, IF(AND($B$15="Bi-Annual Flush (Every 2 Yrs)", MOD(9,2)=1), $F$12, IF(AND($B$15="Manual Flushing Input", 9=1), $B$16, 0)))), 0)) + G25 - G24)*G84)/$B$12) / (1 + MAX(0, (IF(LEFT($B$11,7)="Plant &", ROUND(G26 / (1 - $F$13), 0), IF(LEFT($B$11,13)="Plant-Focused", ROUND(G26, 0), IF(LEFT($B$11,7)="Rainfed", 0, G28))) + IF(G20=$B$18, IF($B$15="Annual Pre-Sowing Flush", $F$12, IF(AND($B$15="Year 1 Reclamation Only", 9=1), $F$12, IF(AND($B$15="Bi-Annual Flush (Every 2 Yrs)", MOD(9,2)=1), $F$12, IF(AND($B$15="Manual Flushing Input", 9=1), $B$16, 0)))), 0)) + G25 - G24)/(2*$B$12)) -> 72.288749 | H85: =((IF(LEFT($B$11,7)="Plant &", ROUND(H26 / (1 - $F$13), 0), IF(LEFT($B$11,13)="Plant-Focused", ROUND(H26, 0), IF(LEFT($B$11,7)="Rainfed", 0, H28))) + IF(H20=$B$18, IF($B$15="Annual Pre-Sowing Flush", $F$12, IF(AND($B$15="Year 1 Reclamation Only", 9=1), $F$12, IF(AND($B$15="Bi-Annual Flush (Every 2 Yrs)", MOD(9,2)=1), $F$12, IF(AND($B$15="Manual Flushing Input", 9=1), $B$16, 0)))), 0))*$B$14 - (MAX(0, (IF(LEFT($B$11,7)="Plant &", ROUND(H26 / (1 - $F$13), 0), IF(LEFT($B$11,13)="Plant-Focused", ROUND(H26, 0), IF(LEFT($B$11,7)="Rainfed", 0, H28))) + IF(H20=$B$18, IF($B$15="Annual Pre-Sowing Flush", $F$12, IF(AND($B$15="Year 1 Reclamation Only", 9=1), $F$12, IF(AND($B$15="Bi-Annual Flush (Every 2 Yrs)", MOD(9,2)=1), $F$12, IF(AND($B$15="Manual Flushing Input", 9=1), $B$16, 0)))), 0)) + H25 - H24)*H84)/$B$12) / (1 + MAX(0, (IF(LEFT($B$11,7)="Plant &", ROUND(H26 / (1 - $F$13), 0), IF(LEFT($B$11,13)="Plant-Focused", ROUND(H26, 0), IF(LEFT($B$11,7)="Rainfed", 0, H28))) + IF(H20=$B$18, IF($B$15="Annual Pre-Sowing Flush", $F$12, IF(AND($B$15="Year 1 Reclamation Only", 9=1), $F$12, IF(AND($B$15="Bi-Annual Flush (Every 2 Yrs)", MOD(9,2)=1), $F$12, IF(AND($B$15="Manual Flushing Input", 9=1), $B$16, 0)))), 0)) + H25 - H24)/(2*$B$12)) -> 70.02897 | I85: =((IF(LEFT($B$11,7)="Plant &", ROUND(I26 / (1 - $F$13), 0), IF(LEFT($B$11,13)="Plant-Focused", ROUND(I26, 0), IF(LEFT($B$11,7)="Rainfed", 0, I28))) + IF(I20=$B$18, IF($B$15="Annual Pre-Sowing Flush", $F$12, IF(AND($B$15="Year 1 Reclamation Only", 9=1), $F$12, IF(AND($B$15="Bi-Annual Flush (Every 2 Yrs)", MOD(9,2)=1), $F$12, IF(AND($B$15="Manual Flushing Input", 9=1), $B$16, 0)))), 0))*$B$14 - (MAX(0, (IF(LEFT($B$11,7)="Plant &", ROUND(I26 / (1 - $F$13), 0), IF(LEFT($B$11,13)="Plant-Focused", ROUND(I26, 0), IF(LEFT($B$11,7)="Rainfed", 0, I28))) + IF(I20=$B$18, IF($B$15="Annual Pre-Sowing Flush", $F$12, IF(AND($B$15="Year 1 Reclamation Only", 9=1), $F$12, IF(AND($B$15="Bi-Annual Flush (Every 2 Yrs)", MOD(9,2)=1), $F$12, IF(AND($B$15="Manual Flushing Input", 9=1), $B$16, 0)))), 0)) + I25 - I24)*I84)/$B$12) / (1 + MAX(0, (IF(LEFT($B$11,7)="Plant &", ROUND(I26 / (1 - $F$13), 0), IF(LEFT($B$11,13)="Plant-Focused", ROUND(I26, 0), IF(LEFT($B$11,7)="Rainfed", 0, I28))) + IF(I20=$B$18, IF($B$15="Annual Pre-Sowing Flush", $F$12, IF(AND($B$15="Year 1 Reclamation Only", 9=1), $F$12, IF(AND($B$15="Bi-Annual Flush (Every 2 Yrs)", MOD(9,2)=1), $F$12, IF(AND($B$15="Manual Flushing Input", 9=1), $B$16, 0)))), 0)) + I25 - I24)/(2*$B$12)) -> 53.034736 | J85: =((IF(LEFT($B$11,7)="Plant &", ROUND(J26 / (1 - $F$13), 0), IF(LEFT($B$11,13)="Plant-Focused", ROUND(J26, 0), IF(LEFT($B$11,7)="Rainfed", 0, J28))) + IF(J20=$B$18, IF($B$15="Annual Pre-Sowing Flush", $F$12, IF(AND($B$15="Year 1 Reclamation Only", 9=1), $F$12, IF(AND($B$15="Bi-Annual Flush (Every 2 Yrs)", MOD(9,2)=1), $F$12, IF(AND($B$15="Manual Flushing Input", 9=1), $B$16, 0)))), 0))*$B$14 - (MAX(0, (IF(LEFT($B$11,7)="Plant &", ROUND(J26 / (1 - $F$13), 0), IF(LEFT($B$11,13)="Plant-Focused", ROUND(J26, 0), IF(LEFT($B$11,7)="Rainfed", 0, J28))) + IF(J20=$B$18, IF($B$15="Annual Pre-Sowing Flush", $F$12, IF(AND($B$15="Year 1 Reclamation Only", 9=1), $F$12, IF(AND($B$15="Bi-Annual Flush (Every 2 Yrs)", MOD(9,2)=1), $F$12, IF(AND($B$15="Manual Flushing Input", 9=1), $B$16, 0)))), 0)) + J25 - J24)*J84)/$B$12) / (1 + MAX(0, (IF(LEFT($B$11,7)="Plant &", ROUND(J26 / (1 - $F$13), 0), IF(LEFT($B$11,13)="Plant-Focused", ROUND(J26, 0), IF(LEFT($B$11,7)="Rainfed", 0, J28))) + IF(J20=$B$18, IF($B$15="Annual Pre-Sowing Flush", $F$12, IF(AND($B$15="Year 1 Reclamation Only", 9=1), $F$12, IF(AND($B$15="Bi-Annual Flush (Every 2 Yrs)", MOD(9,2)=1), $F$12, IF(AND($B$15="Manual Flushing Input", 9=1), $B$16, 0)))), 0)) + J25 - J24)/(2*$B$12)) -> 25.985159 | K85: =((IF(LEFT($B$11,7)="Plant &", ROUND(K26 / (1 - $F$13), 0), IF(LEFT($B$11,13)="Plant-Focused", ROUND(K26, 0), IF(LEFT($B$11,7)="Rainfed", 0, K28))) + IF(K20=$B$18, IF($B$15="Annual Pre-Sowing Flush", $F$12, IF(AND($B$15="Year 1 Reclamation Only", 9=1), $F$12, IF(AND($B$15="Bi-Annual Flush (Every 2 Yrs)", MOD(9,2)=1), $F$12, IF(AND($B$15="Manual Flushing Input", 9=1), $B$16, 0)))), 0))*$B$14 - (MAX(0, (IF(LEFT($B$11,7)="Plant &", ROUND(K26 / (1 - $F$13), 0), IF(LEFT($B$11,13)="Plant-Focused", ROUND(K26, 0), IF(LEFT($B$11,7)="Rainfed", 0, K28))) + IF(K20=$B$18, IF($B$15="Annual Pre-Sowing Flush", $F$12, IF(AND($B$15="Year 1 Reclamation Only", 9=1), $F$12, IF(AND($B$15="Bi-Annual Flush (Every 2 Yrs)", MOD(9,2)=1), $F$12, IF(AND($B$15="Manual Flushing Input", 9=1), $B$16, 0)))), 0)) + K25 - K24)*K84)/$B$12) / (1 + MAX(0, (IF(LEFT($B$11,7)="Plant &", ROUND(K26 / (1 - $F$13), 0), IF(LEFT($B$11,13)="Plant-Focused", ROUND(K26, 0), IF(LEFT($B$11,7)="Rainfed", 0, K28))) + IF(K20=$B$18, IF($B$15="Annual Pre-Sowing Flush", $F$12, IF(AND($B$15="Year 1 Reclamation Only", 9=1), $F$12, IF(AND($B$15="Bi-Annual Flush (Every 2 Yrs)", MOD(9,2)=1), $F$12, IF(AND($B$15="Manual Flushing Input", 9=1), $B$16, 0)))), 0)) + K25 - K24)/(2*$B$12)) -> -179.28804 | L85: =((IF(LEFT($B$11,7)="Plant &", ROUND(L26 / (1 - $F$13), 0), IF(LEFT($B$11,13)="Plant-Focused", ROUND(L26, 0), IF(LEFT($B$11,7)="Rainfed", 0, L28))) + IF(L20=$B$18, IF($B$15="Annual Pre-Sowing Flush", $F$12, IF(AND($B$15="Year 1 Reclamation Only", 9=1), $F$12, IF(AND($B$15="Bi-Annual Flush (Every 2 Yrs)", MOD(9,2)=1), $F$12, IF(AND($B$15="Manual Flushing Input", 9=1), $B$16, 0)))), 0))*$B$14 - (MAX(0, (IF(LEFT($B$11,7)="Plant &", ROUND(L26 / (1 - $F$13), 0), IF(LEFT($B$11,13)="Plant-Focused", ROUND(L26, 0), IF(LEFT($B$11,7)="Rainfed", 0, L28))) + IF(L20=$B$18, IF($B$15="Annual Pre-Sowing Flush", $F$12, IF(AND($B$15="Year 1 Reclamation Only", 9=1), $F$12, IF(AND($B$15="Bi-Annual Flush (Every 2 Yrs)", MOD(9,2)=1), $F$12, IF(AND($B$15="Manual Flushing Input", 9=1), $B$16, 0)))), 0)) + L25 - L24)*L84)/$B$12) / (1 + MAX(0, (IF(LEFT($B$11,7)="Plant &", ROUND(L26 / (1 - $F$13), 0), IF(LEFT($B$11,13)="Plant-Focused", ROUND(L26, 0), IF(LEFT($B$11,7)="Rainfed", 0, L28))) + IF(L20=$B$18, IF($B$15="Annual Pre-Sowing Flush", $F$12, IF(AND($B$15="Year 1 Reclamation Only", 9=1), $F$12, IF(AND($B$15="Bi-Annual Flush (Every 2 Yrs)", MOD(9,2)=1), $F$12, IF(AND($B$15="Manual Flushing Input", 9=1), $B$16, 0)))), 0)) + L25 - L24)/(2*$B$12)) -> -61.342764 | ... P85: =((IF(LEFT($B$11,7)="Plant &", ROUND(P26 / (1 - $F$13), 0), IF(LEFT($B$11,13)="Plant-Focused", ROUND(P26, 0), IF(LEFT($B$11,7)="Rainfed", 0, P28))) + IF(P20=$B$18, IF($B$15="Annual Pre-Sowing Flush", $F$12, IF(AND($B$15="Year 1 Reclamation Only", 9=1), $F$12, IF(AND($B$15="Bi-Annual Flush (Every 2 Yrs)", MOD(9,2)=1), $F$12, IF(AND($B$15="Manual Flushing Input", 9=1), $B$16, 0)))), 0))*$B$14 - (MAX(0, (IF(LEFT($B$11,7)="Plant &", ROUND(P26 / (1 - $F$13), 0), IF(LEFT($B$11,13)="Plant-Focused", ROUND(P26, 0), IF(LEFT($B$11,7)="Rainfed", 0, P28))) + IF(P20=$B$18, IF($B$15="Annual Pre-Sowing Flush", $F$12, IF(AND($B$15="Year 1 Reclamation Only", 9=1), $F$12, IF(AND($B$15="Bi-Annual Flush (Every 2 Yrs)", MOD(9,2)=1), $F$12, IF(AND($B$15="Manual Flushing Input", 9=1), $B$16, 0)))), 0)) + P25 - P24)*P84)/$B$12) / (1 + MAX(0, (IF(LEFT($B$11,7)="Plant &", ROUND(P26 / (1 - $F$13), 0), IF(LEFT($B$11,13)="Plant-Focused", ROUND(P26, 0), IF(LEFT($B$11,7)="Rainfed", 0, P28))) + IF(P20=$B$18, IF($B$15="Annual Pre-Sowing Flush", $F$12, IF(AND($B$15="Year 1 Reclamation Only", 9=1), $F$12, IF(AND($B$15="Bi-Annual Flush (Every 2 Yrs)", MOD(9,2)=1), $F$12, IF(AND($B$15="Manual Flushing Input", 9=1), $B$16, 0)))), 0)) + P25 - P24)/(2*$B$12)) -> -107.26607
B86: Z2 (End Salt Mass) | C86: ECmm | D86: =AVERAGE(E86:P86) -> 3832.7725 | E86: =E84 + E85 -> 3741.0474 | F86: =F84 + F85 -> 3802.0969 | G86: =G84 + G85 -> 3874.3857 | H86: =H84 + H85 -> 3944.4147 | I86: =I84 + I85 -> 3997.4494 | J86: =J84 + J85 -> 4023.4346 | K86: =K84 + K85 -> 3844.1465 | L86: =L84 + L85 -> 3782.8037 | ... P86: =P84 + P85 -> 3655.3088
B87: ECe (Soil Extract Salinity) | C87: dS/m | D87: =AVERAGE(E87:P87) -> 5.1377647 | E87: =E86 / (2 * $B$12) -> 5.0148088 | F87: =F86 / (2 * $B$12) -> 5.0966447 | G87: =G86 / (2 * $B$12) -> 5.1935465 | H87: =H86 / (2 * $B$12) -> 5.2874191 | I87: =I86 / (2 * $B$12) -> 5.3585113 | J87: =J86 / (2 * $B$12) -> 5.3933439 | K87: =K86 / (2 * $B$12) -> 5.1530114 | L87: =L86 / (2 * $B$12) -> 5.0707825 | ... P87: =P86 / (2 * $B$12) -> 4.8998777
A90: Year 10 Projection | B90: Z1 (Start Salt Mass) | C90: ECmm | D90: =AVERAGE(E90:P90) -> 3798.5208 | E90: =P86 -> 3655.3088 | F90: =E92 -> 3695.101 | G90: =F92 -> 3758.2568 | H90: =G92 -> 3833.3721 | I90: =H92 -> 3905.9423 | J90: =I92 -> 3960.7653 | K90: =J92 -> 3987.5289 | L90: =K92 -> 3809.8408 | M90: =L92 -> 3749.0455 | ... P90: =O92 -> 3728.9971
B91: dZ (Salt Mass Change) | C91: ECmm | D91: =SUM(E91:P91) -> -32.427496 | E91: =((IF(LEFT($B$11,7)="Plant &", ROUND(E26 / (1 - $F$13), 0), IF(LEFT($B$11,13)="Plant-Focused", ROUND(E26, 0), IF(LEFT($B$11,7)="Rainfed", 0, E28))) + IF(E20=$B$18, IF($B$15="Annual Pre-Sowing Flush", $F$12, IF(AND($B$15="Year 1 Reclamation Only", 10=1), $F$12, IF(AND($B$15="Bi-Annual Flush (Every 2 Yrs)", MOD(10,2)=1), $F$12, IF(AND($B$15="Manual Flushing Input", 10=1), $B$16, 0)))), 0))*$B$14 - (MAX(0, (IF(LEFT($B$11,7)="Plant &", ROUND(E26 / (1 - $F$13), 0), IF(LEFT($B$11,13)="Plant-Focused", ROUND(E26, 0), IF(LEFT($B$11,7)="Rainfed", 0, E28))) + IF(E20=$B$18, IF($B$15="Annual Pre-Sowing Flush", $F$12, IF(AND($B$15="Year 1 Reclamation Only", 10=1), $F$12, IF(AND($B$15="Bi-Annual Flush (Every 2 Yrs)", MOD(10,2)=1), $F$12, IF(AND($B$15="Manual Flushing Input", 10=1), $B$16, 0)))), 0)) + E25 - E24)*E90)/$B$12) / (1 + MAX(0, (IF(LEFT($B$11,7)="Plant &", ROUND(E26 / (1 - $F$13), 0), IF(LEFT($B$11,13)="Plant-Focused", ROUND(E26, 0), IF(LEFT($B$11,7)="Rainfed", 0, E28))) + IF(E20=$B$18, IF($B$15="Annual Pre-Sowing Flush", $F$12, IF(AND($B$15="Year 1 Reclamation Only", 10=1), $F$12, IF(AND($B$15="Bi-Annual Flush (Every 2 Yrs)", MOD(10,2)=1), $F$12, IF(AND($B$15="Manual Flushing Input", 10=1), $B$16, 0)))), 0)) + E25 - E24)/(2*$B$12)) -> 39.792226 | F91: =((IF(LEFT($B$11,7)="Plant &", ROUND(F26 / (1 - $F$13), 0), IF(LEFT($B$11,13)="Plant-Focused", ROUND(F26, 0), IF(LEFT($B$11,7)="Rainfed", 0, F28))) + IF(F20=$B$18, IF($B$15="Annual Pre-Sowing Flush", $F$12, IF(AND($B$15="Year 1 Reclamation Only", 10=1), $F$12, IF(AND($B$15="Bi-Annual Flush (Every 2 Yrs)", MOD(10,2)=1), $F$12, IF(AND($B$15="Manual Flushing Input", 10=1), $B$16, 0)))), 0))*$B$14 - (MAX(0, (IF(LEFT($B$11,7)="Plant &", ROUND(F26 / (1 - $F$13), 0), IF(LEFT($B$11,13)="Plant-Focused", ROUND(F26, 0), IF(LEFT($B$11,7)="Rainfed", 0, F28))) + IF(F20=$B$18, IF($B$15="Annual Pre-Sowing Flush", $F$12, IF(AND($B$15="Year 1 Reclamation Only", 10=1), $F$12, IF(AND($B$15="Bi-Annual Flush (Every 2 Yrs)", MOD(10,2)=1), $F$12, IF(AND($B$15="Manual Flushing Input", 10=1), $B$16, 0)))), 0)) + F25 - F24)*F90)/$B$12) / (1 + MAX(0, (IF(LEFT($B$11,7)="Plant &", ROUND(F26 / (1 - $F$13), 0), IF(LEFT($B$11,13)="Plant-Focused", ROUND(F26, 0), IF(LEFT($B$11,7)="Rainfed", 0, F28))) + IF(F20=$B$18, IF($B$15="Annual Pre-Sowing Flush", $F$12, IF(AND($B$15="Year 1 Reclamation Only", 10=1), $F$12, IF(AND($B$15="Bi-Annual Flush (Every 2 Yrs)", MOD(10,2)=1), $F$12, IF(AND($B$15="Manual Flushing Input", 10=1), $B$16, 0)))), 0)) + F25 - F24)/(2*$B$12)) -> 63.155815 | G91: =((IF(LEFT($B$11,7)="Plant &", ROUND(G26 / (1 - $F$13), 0), IF(LEFT($B$11,13)="Plant-Focused", ROUND(G26, 0), IF(LEFT($B$11,7)="Rainfed", 0, G28))) + IF(G20=$B$18, IF($B$15="Annual Pre-Sowing Flush", $F$12, IF(AND($B$15="Year 1 Reclamation Only", 10=1), $F$12, IF(AND($B$15="Bi-Annual Flush (Every 2 Yrs)", MOD(10,2)=1), $F$12, IF(AND($B$15="Manual Flushing Input", 10=1), $B$16, 0)))), 0))*$B$14 - (MAX(0, (IF(LEFT($B$11,7)="Plant &", ROUND(G26 / (1 - $F$13), 0), IF(LEFT($B$11,13)="Plant-Focused", ROUND(G26, 0), IF(LEFT($B$11,7)="Rainfed", 0, G28))) + IF(G20=$B$18, IF($B$15="Annual Pre-Sowing Flush", $F$12, IF(AND($B$15="Year 1 Reclamation Only", 10=1), $F$12, IF(AND($B$15="Bi-Annual Flush (Every 2 Yrs)", MOD(10,2)=1), $F$12, IF(AND($B$15="Manual Flushing Input", 10=1), $B$16, 0)))), 0)) + G25 - G24)*G90)/$B$12) / (1 + MAX(0, (IF(LEFT($B$11,7)="Plant &", ROUND(G26 / (1 - $F$13), 0), IF(LEFT($B$11,13)="Plant-Focused", ROUND(G26, 0), IF(LEFT($B$11,7)="Rainfed", 0, G28))) + IF(G20=$B$18, IF($B$15="Annual Pre-Sowing Flush", $F$12, IF(AND($B$15="Year 1 Reclamation Only", 10=1), $F$12, IF(AND($B$15="Bi-Annual Flush (Every 2 Yrs)", MOD(10,2)=1), $F$12, IF(AND($B$15="Manual Flushing Input", 10=1), $B$16, 0)))), 0)) + G25 - G24)/(2*$B$12)) -> 75.115309 | H91: =((IF(LEFT($B$11,7)="Plant &", ROUND(H26 / (1 - $F$13), 0), IF(LEFT($B$11,13)="Plant-Focused", ROUND(H26, 0), IF(LEFT($B$11,7)="Rainfed", 0, H28))) + IF(H20=$B$18, IF($B$15="Annual Pre-Sowing Flush", $F$12, IF(AND($B$15="Year 1 Reclamation Only", 10=1), $F$12, IF(AND($B$15="Bi-Annual Flush (Every 2 Yrs)", MOD(10,2)=1), $F$12, IF(AND($B$15="Manual Flushing Input", 10=1), $B$16, 0)))), 0))*$B$14 - (MAX(0, (IF(LEFT($B$11,7)="Plant &", ROUND(H26 / (1 - $F$13), 0), IF(LEFT($B$11,13)="Plant-Focused", ROUND(H26, 0), IF(LEFT($B$11,7)="Rainfed", 0, H28))) + IF(H20=$B$18, IF($B$15="Annual Pre-Sowing Flush", $F$12, IF(AND($B$15="Year 1 Reclamation Only", 10=1), $F$12, IF(AND($B$15="Bi-Annual Flush (Every 2 Yrs)", MOD(10,2)=1), $F$12, IF(AND($B$15="Manual Flushing Input", 10=1), $B$16, 0)))), 0)) + H25 - H24)*H90)/$B$12) / (1 + MAX(0, (IF(LEFT($B$11,7)="Plant &", ROUND(H26 / (1 - $F$13), 0), IF(LEFT($B$11,13)="Plant-Focused", ROUND(H26, 0), IF(LEFT($B$11,7)="Rainfed", 0, H28))) + IF(H20=$B$18, IF($B$15="Annual Pre-Sowing Flush", $F$12, IF(AND($B$15="Year 1 Reclamation Only", 10=1), $F$12, IF(AND($B$15="Bi-Annual Flush (Every 2 Yrs)", MOD(10,2)=1), $F$12, IF(AND($B$15="Manual Flushing Input", 10=1), $B$16, 0)))), 0)) + H25 - H24)/(2*$B$12)) -> 72.570175 | I91: =((IF(LEFT($B$11,7)="Plant &", ROUND(I26 / (1 - $F$13), 0), IF(LEFT($B$11,13)="Plant-Focused", ROUND(I26, 0), IF(LEFT($B$11,7)="Rainfed", 0, I28))) + IF(I20=$B$18, IF($B$15="Annual Pre-Sowing Flush", $F$12, IF(AND($B$15="Year 1 Reclamation Only", 10=1), $F$12, IF(AND($B$15="Bi-Annual Flush (Every 2 Yrs)", MOD(10,2)=1), $F$12, IF(AND($B$15="Manual Flushing Input", 10=1), $B$16, 0)))), 0))*$B$14 - (MAX(0, (IF(LEFT($B$11,7)="Plant &", ROUND(I26 / (1 - $F$13), 0), IF(LEFT($B$11,13)="Plant-Focused", ROUND(I26, 0), IF(LEFT($B$11,7)="Rainfed", 0, I28))) + IF(I20=$B$18, IF($B$15="Annual Pre-Sowing Flush", $F$12, IF(AND($B$15="Year 1 Reclamation Only", 10=1), $F$12, IF(AND($B$15="Bi-Annual Flush (Every 2 Yrs)", MOD(10,2)=1), $F$12, IF(AND($B$15="Manual Flushing Input", 10=1), $B$16, 0)))), 0)) + I25 - I24)*I90)/$B$12) / (1 + MAX(0, (IF(LEFT($B$11,7)="Plant &", ROUND(I26 / (1 - $F$13), 0), IF(LEFT($B$11,13)="Plant-Focused", ROUND(I26, 0), IF(LEFT($B$11,7)="Rainfed", 0, I28))) + IF(I20=$B$18, IF($B$15="Annual Pre-Sowing Flush", $F$12, IF(AND($B$15="Year 1 Reclamation Only", 10=1), $F$12, IF(AND($B$15="Bi-Annual Flush (Every 2 Yrs)", MOD(10,2)=1), $F$12, IF(AND($B$15="Manual Flushing Input", 10=1), $B$16, 0)))), 0)) + I25 - I24)/(2*$B$12)) -> 54.822976 | J91: =((IF(LEFT($B$11,7)="Plant &", ROUND(J26 / (1 - $F$13), 0), IF(LEFT($B$11,13)="Plant-Focused", ROUND(J26, 0), IF(LEFT($B$11,7)="Rainfed", 0, J28))) + IF(J20=$B$18, IF($B$15="Annual Pre-Sowing Flush", $F$12, IF(AND($B$15="Year 1 Reclamation Only", 10=1), $F$12, IF(AND($B$15="Bi-Annual Flush (Every 2 Yrs)", MOD(10,2)=1), $F$12, IF(AND($B$15="Manual Flushing Input", 10=1), $B$16, 0)))), 0))*$B$14 - (MAX(0, (IF(LEFT($B$11,7)="Plant &", ROUND(J26 / (1 - $F$13), 0), IF(LEFT($B$11,13)="Plant-Focused", ROUND(J26, 0), IF(LEFT($B$11,7)="Rainfed", 0, J28))) + IF(J20=$B$18, IF($B$15="Annual Pre-Sowing Flush", $F$12, IF(AND($B$15="Year 1 Reclamation Only", 10=1), $F$12, IF(AND($B$15="Bi-Annual Flush (Every 2 Yrs)", MOD(10,2)=1), $F$12, IF(AND($B$15="Manual Flushing Input", 10=1), $B$16, 0)))), 0)) + J25 - J24)*J90)/$B$12) / (1 + MAX(0, (IF(LEFT($B$11,7)="Plant &", ROUND(J26 / (1 - $F$13), 0), IF(LEFT($B$11,13)="Plant-Focused", ROUND(J26, 0), IF(LEFT($B$11,7)="Rainfed", 0, J28))) + IF(J20=$B$18, IF($B$15="Annual Pre-Sowing Flush", $F$12, IF(AND($B$15="Year 1 Reclamation Only", 10=1), $F$12, IF(AND($B$15="Bi-Annual Flush (Every 2 Yrs)", MOD(10,2)=1), $F$12, IF(AND($B$15="Manual Flushing Input", 10=1), $B$16, 0)))), 0)) + J25 - J24)/(2*$B$12)) -> 26.763601 | K91: =((IF(LEFT($B$11,7)="Plant &", ROUND(K26 / (1 - $F$13), 0), IF(LEFT($B$11,13)="Plant-Focused", ROUND(K26, 0), IF(LEFT($B$11,7)="Rainfed", 0, K28))) + IF(K20=$B$18, IF($B$15="Annual Pre-Sowing Flush", $F$12, IF(AND($B$15="Year 1 Reclamation Only", 10=1), $F$12, IF(AND($B$15="Bi-Annual Flush (Every 2 Yrs)", MOD(10,2)=1), $F$12, IF(AND($B$15="Manual Flushing Input", 10=1), $B$16, 0)))), 0))*$B$14 - (MAX(0, (IF(LEFT($B$11,7)="Plant &", ROUND(K26 / (1 - $F$13), 0), IF(LEFT($B$11,13)="Plant-Focused", ROUND(K26, 0), IF(LEFT($B$11,7)="Rainfed", 0, K28))) + IF(K20=$B$18, IF($B$15="Annual Pre-Sowing Flush", $F$12, IF(AND($B$15="Year 1 Reclamation Only", 10=1), $F$12, IF(AND($B$15="Bi-Annual Flush (Every 2 Yrs)", MOD(10,2)=1), $F$12, IF(AND($B$15="Manual Flushing Input", 10=1), $B$16, 0)))), 0)) + K25 - K24)*K90)/$B$12) / (1 + MAX(0, (IF(LEFT($B$11,7)="Plant &", ROUND(K26 / (1 - $F$13), 0), IF(LEFT($B$11,13)="Plant-Focused", ROUND(K26, 0), IF(LEFT($B$11,7)="Rainfed", 0, K28))) + IF(K20=$B$18, IF($B$15="Annual Pre-Sowing Flush", $F$12, IF(AND($B$15="Year 1 Reclamation Only", 10=1), $F$12, IF(AND($B$15="Bi-Annual Flush (Every 2 Yrs)", MOD(10,2)=1), $F$12, IF(AND($B$15="Manual Flushing Input", 10=1), $B$16, 0)))), 0)) + K25 - K24)/(2*$B$12)) -> -177.68805 | L91: =((IF(LEFT($B$11,7)="Plant &", ROUND(L26 / (1 - $F$13), 0), IF(LEFT($B$11,13)="Plant-Focused", ROUND(L26, 0), IF(LEFT($B$11,7)="Rainfed", 0, L28))) + IF(L20=$B$18, IF($B$15="Annual Pre-Sowing Flush", $F$12, IF(AND($B$15="Year 1 Reclamation Only", 10=1), $F$12, IF(AND($B$15="Bi-Annual Flush (Every 2 Yrs)", MOD(10,2)=1), $F$12, IF(AND($B$15="Manual Flushing Input", 10=1), $B$16, 0)))), 0))*$B$14 - (MAX(0, (IF(LEFT($B$11,7)="Plant &", ROUND(L26 / (1 - $F$13), 0), IF(LEFT($B$11,13)="Plant-Focused", ROUND(L26, 0), IF(LEFT($B$11,7)="Rainfed", 0, L28))) + IF(L20=$B$18, IF($B$15="Annual Pre-Sowing Flush", $F$12, IF(AND($B$15="Year 1 Reclamation Only", 10=1), $F$12, IF(AND($B$15="Bi-Annual Flush (Every 2 Yrs)", MOD(10,2)=1), $F$12, IF(AND($B$15="Manual Flushing Input", 10=1), $B$16, 0)))), 0)) + L25 - L24)*L90)/$B$12) / (1 + MAX(0, (IF(LEFT($B$11,7)="Plant &", ROUND(L26 / (1 - $F$13), 0), IF(LEFT($B$11,13)="Plant-Focused", ROUND(L26, 0), IF(LEFT($B$11,7)="Rainfed", 0, L28))) + IF(L20=$B$18, IF($B$15="Annual Pre-Sowing Flush", $F$12, IF(AND($B$15="Year 1 Reclamation Only", 10=1), $F$12, IF(AND($B$15="Bi-Annual Flush (Every 2 Yrs)", MOD(10,2)=1), $F$12, IF(AND($B$15="Manual Flushing Input", 10=1), $B$16, 0)))), 0)) + L25 - L24)/(2*$B$12)) -> -60.795332 | ... P91: =((IF(LEFT($B$11,7)="Plant &", ROUND(P26 / (1 - $F$13), 0), IF(LEFT($B$11,13)="Plant-Focused", ROUND(P26, 0), IF(LEFT($B$11,7)="Rainfed", 0, P28))) + IF(P20=$B$18, IF($B$15="Annual Pre-Sowing Flush", $F$12, IF(AND($B$15="Year 1 Reclamation Only", 10=1), $F$12, IF(AND($B$15="Bi-Annual Flush (Every 2 Yrs)", MOD(10,2)=1), $F$12, IF(AND($B$15="Manual Flushing Input", 10=1), $B$16, 0)))), 0))*$B$14 - (MAX(0, (IF(LEFT($B$11,7)="Plant &", ROUND(P26 / (1 - $F$13), 0), IF(LEFT($B$11,13)="Plant-Focused", ROUND(P26, 0), IF(LEFT($B$11,7)="Rainfed", 0, P28))) + IF(P20=$B$18, IF($B$15="Annual Pre-Sowing Flush", $F$12, IF(AND($B$15="Year 1 Reclamation Only", 10=1), $F$12, IF(AND($B$15="Bi-Annual Flush (Every 2 Yrs)", MOD(10,2)=1), $F$12, IF(AND($B$15="Manual Flushing Input", 10=1), $B$16, 0)))), 0)) + P25 - P24)*P90)/$B$12) / (1 + MAX(0, (IF(LEFT($B$11,7)="Plant &", ROUND(P26 / (1 - $F$13), 0), IF(LEFT($B$11,13)="Plant-Focused", ROUND(P26, 0), IF(LEFT($B$11,7)="Rainfed", 0, P28))) + IF(P20=$B$18, IF($B$15="Annual Pre-Sowing Flush", $F$12, IF(AND($B$15="Year 1 Reclamation Only", 10=1), $F$12, IF(AND($B$15="Bi-Annual Flush (Every 2 Yrs)", MOD(10,2)=1), $F$12, IF(AND($B$15="Manual Flushing Input", 10=1), $B$16, 0)))), 0)) + P25 - P24)/(2*$B$12)) -> -106.11584
B92: Z2 (End Salt Mass) | C92: ECmm | D92: =AVERAGE(E92:P92) -> 3795.8185 | E92: =E90 + E91 -> 3695.101 | F92: =F90 + F91 -> 3758.2568 | G92: =G90 + G91 -> 3833.3721 | H92: =H90 + H91 -> 3905.9423 | I92: =I90 + I91 -> 3960.7653 | J92: =J90 + J91 -> 3987.5289 | K92: =K90 + K91 -> 3809.8408 | L92: =L90 + L91 -> 3749.0455 | ... P92: =P90 + P91 -> 3622.8813
B93: ECe (Soil Extract Salinity) | C93: dS/m | D93: =AVERAGE(E93:P93) -> 5.0882286 | E93: =E92 / (2 * $B$12) -> 4.9532185 | F93: =F92 / (2 * $B$12) -> 5.0378778 | G93: =G92 / (2 * $B$12) -> 5.1385685 | H93: =H92 / (2 * $B$12) -> 5.2358476 | I93: =I92 / (2 * $B$12) -> 5.3093368 | J93: =J92 / (2 * $B$12) -> 5.345213 | K93: =K92 / (2 * $B$12) -> 5.1070252 | L93: =L92 / (2 * $B$12) -> 5.0255302 | ... P93: =P92 / (2 * $B$12) -> 4.8564092
A96: 5. LONG-TERM STEADY-STATE SOIL SALINITY EQUILIBRIUM
A97: Equilibrium Parameter | B97: ILRI Equilibrium Formula | C97: Unit | D97: Equilibrium Value | E97: Definition & Explanation
A98: Equilibrium Annual Applied Water (I_eq) | B98: I_tot | C98: mm/yr | D98: =SUM(E29:P29) -> 711 | E98: Steady-state annual irrigation volume
A99: Equilibrium Annual Deep Percolation (R*_eq) | B99: R*_tot | C99: mm/yr | D99: =SUM(E31:P31) -> 142.15 | E99: Steady-state annual deep percolation leaching
A100: Equilibrium Soil Salt Storage (Z_eq) | B100: Z_eq = 2 * Wfc * ECe,eq | C100: ECmm | D100: =2 * $B$12 * F16 -> 3730 | E100: Total salt storage in rootzone at equilibrium
A101: Equilibrium Soil Extract Salinity (ECe,eq) | B101: ECe,eq = (I_tot * ECi) / (2 * R*_tot) | C101: dS/m | D101: =F16 -> 5 | E101: Final asymptotic soil salinity stabilization level

Sheet Crop Database
A1: CROP DATABASE & SALINITY TOLERANCE PARAMETERS (FAO-56 & Maas-Hoffman)
A2: Contains crop salinity threshold (ECe dS/m), yield loss slope (% per dS/m), yield loss salinity levels, default planting month, duration, and monthly crop factors (Kc).
A4: Crop Species | B4: Category / Group | C4: Threshold ECe (100% Yield) | D4: Slope (% per dS/m) | E4: ECe 90% Yield (10% Loss) | F4: ECe 75% Yield (25% Loss) | G4: ECe 50% Yield (50% Loss) | H4: EC_max (0% Yield) | I4: Default Planting Month | J4: Growth Duration (Months) | K4: Avg Kc | L4: Oct | M4: Nov | N4: Dec | O4: Jan | P4: Feb | Q4: Mar | R4: Apr | S4: May | T4: Jun | U4: Jul | V4: Aug | W4: Sep | X4: Salt Tolerance Category (1-5) | Y4: Salt Tolerance Group Name | Z4: Water Use Category (1-5) | AA4: Water Consumption Rating
A5: Salicornia (Glasswort) | B5: Halophyte Oilseed/Vegetable | C5: 25 | D5: 2 | E5: 30 | F5: 37.5 | G5: 50 | H5: 75 | I5: Apr | J5: 6 | K5: 0.6 | L5: 0.4 | M5: 0.4 | N5: 0.4 | O5: 0.5 | P5: 0.8 | Q5: 1.1 | R5: 1.1 | S5: 0.9 | T5: 0.5 | U5: 0.4 | V5: 0.4 | W5: 0.4 | X5: =IF(H5>=35, 1, IF(H5>=20, 2, IF(H5>=12, 3, IF(H5>=6.5, 4, 5)))) -> 1 | Y5: =IF(X5=1, "Cat 1: Extreme Halophyte", IF(X5=2, "Cat 2: High Salinity Tolerant", IF(X5=3, "Cat 3: Moderately Salinity Tolerant", IF(X5=4, "Cat 4: Moderately Sensitive", "Cat 5: Sensitive")))) -> Cat 1: Extreme Halophyte | Z5: =IF(SUM(L5:W5)*150<450, 1, IF(SUM(L5:W5)*150<650, 2, IF(SUM(L5:W5)*150<900, 3, IF(SUM(L5:W5)*150<1300, 4, 5)))) -> 4 | AA5: =IF(Z5=1, "Cat 1: Very Low Water Use", IF(Z5=2, "Cat 2: Low Water Use", IF(Z5=3, "Cat 3: Moderate Water Use", IF(Z5=4, "Cat 4: High Water Use", "Cat 5: Very High Water Use")))) -> Cat 4: High Water Use
A6: Atriplex (Saltbush) | B6: Halophyte Forage Shrub | C6: 18 | D6: 2.5 | E6: 22 | F6: 28 | G6: 38 | H6: 58 | I6: Oct | J6: 12 | K6: 0.7 | L6: 0.7 | M6: 0.7 | N6: 0.7 | O6: 0.7 | P6: 0.7 | Q6: 0.7 | R6: 0.7 | S6: 0.7 | T6: 0.7 | U6: 0.7 | V6: 0.7 | W6: 0.7 | X6: =IF(H6>=35, 1, IF(H6>=20, 2, IF(H6>=12, 3, IF(H6>=6.5, 4, 5)))) -> 1 | Y6: =IF(X6=1, "Cat 1: Extreme Halophyte", IF(X6=2, "Cat 2: High Salinity Tolerant", IF(X6=3, "Cat 3: Moderately Salinity Tolerant", IF(X6=4, "Cat 4: Moderately Sensitive", "Cat 5: Sensitive")))) -> Cat 1: Extreme Halophyte | Z6: =IF(SUM(L6:W6)*150<450, 1, IF(SUM(L6:W6)*150<650, 2, IF(SUM(L6:W6)*150<900, 3, IF(SUM(L6:W6)*150<1300, 4, 5)))) -> 4 | AA6: =IF(Z6=1, "Cat 1: Very Low Water Use", IF(Z6=2, "Cat 2: Low Water Use", IF(Z6=3, "Cat 3: Moderate Water Use", IF(Z6=4, "Cat 4: High Water Use", "Cat 5: Very High Water Use")))) -> Cat 4: High Water Use
A7: Date Palm | B7: Perennial Fruit | C7: 12 | D7: 3.6 | E7: 14.8 | F7: 18.9 | G7: 25.9 | H7: 39.8 | I7: Oct | J7: 12 | K7: 0.9 | L7: 0.9 | M7: 0.9 | N7: 0.9 | O7: 0.9 | P7: 0.9 | Q7: 0.9 | R7: 0.9 | S7: 0.9 | T7: 0.9 | U7: 0.9 | V7: 0.9 | W7: 0.9 | X7: =IF(H7>=35, 1, IF(H7>=20, 2, IF(H7>=12, 3, IF(H7>=6.5, 4, 5)))) -> 1 | Y7: =IF(X7=1, "Cat 1: Extreme Halophyte", IF(X7=2, "Cat 2: High Salinity Tolerant", IF(X7=3, "Cat 3: Moderately Salinity Tolerant", IF(X7=4, "Cat 4: Moderately Sensitive", "Cat 5: Sensitive")))) -> Cat 1: Extreme Halophyte | Z7: =IF(SUM(L7:W7)*150<450, 1, IF(SUM(L7:W7)*150<650, 2, IF(SUM(L7:W7)*150<900, 3, IF(SUM(L7:W7)*150<1300, 4, 5)))) -> 5 | AA7: =IF(Z7=1, "Cat 1: Very Low Water Use", IF(Z7=2, "Cat 2: Low Water Use", IF(Z7=3, "Cat 3: Moderate Water Use", IF(Z7=4, "Cat 4: High Water Use", "Cat 5: Very High Water Use")))) -> Cat 5: Very High Water Use
A8: Rhodes Grass | B8: Fodder Grass | C8: 8.5 | D8: 4.2 | E8: 10.9 | F8: 14.5 | G8: 20.4 | H8: 32.3 | I8: Mar | J8: 8 | K8: 0.8 | L8: 0.5 | M8: 0.5 | N8: 0.6 | O8: 0.9 | P8: 1.05 | Q8: 1.05 | R8: 1.05 | S8: 1 | T8: 0.8 | U8: 0.6 | V8: 0.5 | W8: 0.5 | X8: =IF(H8>=35, 1, IF(H8>=20, 2, IF(H8>=12, 3, IF(H8>=6.5, 4, 5)))) -> 2 | Y8: =IF(X8=1, "Cat 1: Extreme Halophyte", IF(X8=2, "Cat 2: High Salinity Tolerant", IF(X8=3, "Cat 3: Moderately Salinity Tolerant", IF(X8=4, "Cat 4: Moderately Sensitive", "Cat 5: Sensitive")))) -> Cat 2: High Salinity Tolerant | Z8: =IF(SUM(L8:W8)*150<450, 1, IF(SUM(L8:W8)*150<650, 2, IF(SUM(L8:W8)*150<900, 3, IF(SUM(L8:W8)*150<1300, 4, 5)))) -> 5 | AA8: =IF(Z8=1, "Cat 1: Very Low Water Use", IF(Z8=2, "Cat 2: Low Water Use", IF(Z8=3, "Cat 3: Moderate Water Use", IF(Z8=4, "Cat 4: High Water Use", "Cat 5: Very High Water Use")))) -> Cat 5: Very High Water Use
A9: Barley | B9: Winter Grain / Pioneer Crop | C9: 8 | D9: 5 | E9: 10 | F9: 13 | G9: 18 | H9: 28 | I9: Oct | J9: 7 | K9: 0.7 | L9: 0.3 | M9: 0.7 | N9: 1.15 | O9: 1.15 | P9: 0.75 | Q9: 0.3 | R9: 0 | S9: 0 | T9: 0 | U9: 0 | V9: 0 | W9: 0 | X9: =IF(H9>=35, 1, IF(H9>=20, 2, IF(H9>=12, 3, IF(H9>=6.5, 4, 5)))) -> 2 | Y9: =IF(X9=1, "Cat 1: Extreme Halophyte", IF(X9=2, "Cat 2: High Salinity Tolerant", IF(X9=3, "Cat 3: Moderately Salinity Tolerant", IF(X9=4, "Cat 4: Moderately Sensitive", "Cat 5: Sensitive")))) -> Cat 2: High Salinity Tolerant | Z9: =IF(SUM(L9:W9)*150<450, 1, IF(SUM(L9:W9)*150<650, 2, IF(SUM(L9:W9)*150<900, 3, IF(SUM(L9:W9)*150<1300, 4, 5)))) -> 3 | AA9: =IF(Z9=1, "Cat 1: Very Low Water Use", IF(Z9=2, "Cat 2: Low Water Use", IF(Z9=3, "Cat 3: Moderate Water Use", IF(Z9=4, "Cat 4: High Water Use", "Cat 5: Very High Water Use")))) -> Cat 3: Moderate Water Use
A10: Cotton | B10: Summer Industrial | C10: 7.7 | D10: 5.2 | E10: 9.6 | F10: 12.5 | G10: 17.3 | H10: 26.9 | I10: Apr | J10: 6 | K10: 0.8 | L10: 0 | M10: 0 | N10: 0 | O10: 0.35 | P10: 0.75 | Q10: 1.15 | R10: 1.2 | S10: 1.1 | T10: 0.6 | U10: 0 | V10: 0 | W10: 0 | X10: =IF(H10>=35, 1, IF(H10>=20, 2, IF(H10>=12, 3, IF(H10>=6.5, 4, 5)))) -> 2 | Y10: =IF(X10=1, "Cat 1: Extreme Halophyte", IF(X10=2, "Cat 2: High Salinity Tolerant", IF(X10=3, "Cat 3: Moderately Salinity Tolerant", IF(X10=4, "Cat 4: Moderately Sensitive", "Cat 5: Sensitive")))) -> Cat 2: High Salinity Tolerant | Z10: =IF(SUM(L10:W10)*150<450, 1, IF(SUM(L10:W10)*150<650, 2, IF(SUM(L10:W10)*150<900, 3, IF(SUM(L10:W10)*150<1300, 4, 5)))) -> 3 | AA10: =IF(Z10=1, "Cat 1: Very Low Water Use", IF(Z10=2, "Cat 2: Low Water Use", IF(Z10=3, "Cat 3: Moderate Water Use", IF(Z10=4, "Cat 4: High Water Use", "Cat 5: Very High Water Use")))) -> Cat 3: Moderate Water Use
A11: Vetiver Grass | B11: Deep-Root Bio-Drainage / Subsoiler | C11: 8 | D11: 4.5 | E11: 10.2 | F11: 13.5 | G11: 19.1 | H11: 26 | I11: Oct | J11: 12 | K11: 0.8 | L11: 0.8 | M11: 0.8 | N11: 0.8 | O11: 0.8 | P11: 0.8 | Q11: 0.8 | R11: 0.8 | S11: 0.8 | T11: 0.8 | U11: 0.8 | V11: 0.8 | W11: 0.8 | X11: =IF(H11>=35, 1, IF(H11>=20, 2, IF(H11>=12, 3, IF(H11>=6.5, 4, 5)))) -> 2 | Y11: =IF(X11=1, "Cat 1: Extreme Halophyte", IF(X11=2, "Cat 2: High Salinity Tolerant", IF(X11=3, "Cat 3: Moderately Salinity Tolerant", IF(X11=4, "Cat 4: Moderately Sensitive", "Cat 5: Sensitive")))) -> Cat 2: High Salinity Tolerant | Z11: =IF(SUM(L11:W11)*150<450, 1, IF(SUM(L11:W11)*150<650, 2, IF(SUM(L11:W11)*150<900, 3, IF(SUM(L11:W11)*150<1300, 4, 5)))) -> 5 | AA11: =IF(Z11=1, "Cat 1: Very Low Water Use", IF(Z11=2, "Cat 2: Low Water Use", IF(Z11=3, "Cat 3: Moderate Water Use", IF(Z11=4, "Cat 4: High Water Use", "Cat 5: Very High Water Use")))) -> Cat 5: Very High Water Use
A12: Sugar Beet | B12: Winter Root Crop | C12: 7 | D12: 5.9 | E12: 8.7 | F12: 11.2 | G12: 15.4 | H12: 24 | I12: Oct | J12: 8 | K12: 0.7 | L12: 0.35 | M12: 0.7 | N12: 1 | O12: 1.15 | P12: 1.15 | Q12: 0.9 | R12: 0.6 | S12: 0 | T12: 0 | U12: 0 | V12: 0 | W12: 0 | X12: =IF(H12>=35, 1, IF(H12>=20, 2, IF(H12>=12, 3, IF(H12>=6.5, 4, 5)))) -> 2 | Y12: =IF(X12=1, "Cat 1: Extreme Halophyte", IF(X12=2, "Cat 2: High Salinity Tolerant", IF(X12=3, "Cat 3: Moderately Salinity Tolerant", IF(X12=4, "Cat 4: Moderately Sensitive", "Cat 5: Sensitive")))) -> Cat 2: High Salinity Tolerant | Z12: =IF(SUM(L12:W12)*150<450, 1, IF(SUM(L12:W12)*150<650, 2, IF(SUM(L12:W12)*150<900, 3, IF(SUM(L12:W12)*150<1300, 4, 5)))) -> 3 | AA12: =IF(Z12=1, "Cat 1: Very Low Water Use", IF(Z12=2, "Cat 2: Low Water Use", IF(Z12=3, "Cat 3: Moderate Water Use", IF(Z12=4, "Cat 4: High Water Use", "Cat 5: Very High Water Use")))) -> Cat 3: Moderate Water Use
A13: Triticale | B13: Winter Forage Grain | C13: 7 | D13: 6 | E13: 8.7 | F13: 11.2 | G13: 15.3 | H13: 22 | I13: Oct | J13: 7 | K13: 0.7 | L13: 0.3 | M13: 0.7 | N13: 1.15 | O13: 1.15 | P13: 0.75 | Q13: 0.3 | R13: 0 | S13: 0 | T13: 0 | U13: 0 | V13: 0 | W13: 0 | X13: =IF(H13>=35, 1, IF(H13>=20, 2, IF(H13>=12, 3, IF(H13>=6.5, 4, 5)))) -> 2 | Y13: =IF(X13=1, "Cat 1: Extreme Halophyte", IF(X13=2, "Cat 2: High Salinity Tolerant", IF(X13=3, "Cat 3: Moderately Salinity Tolerant", IF(X13=4, "Cat 4: Moderately Sensitive", "Cat 5: Sensitive")))) -> Cat 2: High Salinity Tolerant | Z13: =IF(SUM(L13:W13)*150<450, 1, IF(SUM(L13:W13)*150<650, 2, IF(SUM(L13:W13)*150<900, 3, IF(SUM(L13:W13)*150<1300, 4, 5)))) -> 3 | AA13: =IF(Z13=1, "Cat 1: Very Low Water Use", IF(Z13=2, "Cat 2: Low Water Use", IF(Z13=3, "Cat 3: Moderate Water Use", IF(Z13=4, "Cat 4: High Water Use", "Cat 5: Very High Water Use")))) -> Cat 3: Moderate Water Use
A14: Rye | B14: Winter Grain | C14: 11.4 | D14: 10.8 | E14: 12.3 | F14: 13.7 | G14: 16 | H14: 20.7 | I14: Oct | J14: 7 | K14: 0.7 | L14: 0.3 | M14: 0.7 | N14: 1.1 | O14: 1.1 | P14: 0.7 | Q14: 0.3 | R14: 0 | S14: 0 | T14: 0 | U14: 0 | V14: 0 | W14: 0 | X14: =IF(H14>=35, 1, IF(H14>=20, 2, IF(H14>=12, 3, IF(H14>=6.5, 4, 5)))) -> 2 | Y14: =IF(X14=1, "Cat 1: Extreme Halophyte", IF(X14=2, "Cat 2: High Salinity Tolerant", IF(X14=3, "Cat 3: Moderately Salinity Tolerant", IF(X14=4, "Cat 4: Moderately Sensitive", "Cat 5: Sensitive")))) -> Cat 2: High Salinity Tolerant | Z14: =IF(SUM(L14:W14)*150<450, 1, IF(SUM(L14:W14)*150<650, 2, IF(SUM(L14:W14)*150<900, 3, IF(SUM(L14:W14)*150<1300, 4, 5)))) -> 2 | AA14: =IF(Z14=1, "Cat 1: Very Low Water Use", IF(Z14=2, "Cat 2: Low Water Use", IF(Z14=3, "Cat 3: Moderate Water Use", IF(Z14=4, "Cat 4: High Water Use", "Cat 5: Very High Water Use")))) -> Cat 2: Low Water Use
A15: Wheat | B15: Winter Grain | C15: 6 | D15: 7.1 | E15: 7.4 | F15: 9.5 | G15: 13 | H15: 20.1 | I15: Oct | J15: 7 | K15: 0.7 | L15: 0.3 | M15: 0.7 | N15: 1.15 | O15: 1.15 | P15: 0.8 | Q15: 0.3 | R15: 0 | S15: 0 | T15: 0 | U15: 0 | V15: 0 | W15: 0 | X15: =IF(H15>=35, 1, IF(H15>=20, 2, IF(H15>=12, 3, IF(H15>=6.5, 4, 5)))) -> 2 | Y15: =IF(X15=1, "Cat 1: Extreme Halophyte", IF(X15=2, "Cat 2: High Salinity Tolerant", IF(X15=3, "Cat 3: Moderately Salinity Tolerant", IF(X15=4, "Cat 4: Moderately Sensitive", "Cat 5: Sensitive")))) -> Cat 2: High Salinity Tolerant | Z15: =IF(SUM(L15:W15)*150<450, 1, IF(SUM(L15:W15)*150<650, 2, IF(SUM(L15:W15)*150<900, 3, IF(SUM(L15:W15)*150<1300, 4, 5)))) -> 3 | AA15: =IF(Z15=1, "Cat 1: Very Low Water Use", IF(Z15=2, "Cat 2: Low Water Use", IF(Z15=3, "Cat 3: Moderate Water Use", IF(Z15=4, "Cat 4: High Water Use", "Cat 5: Very High Water Use")))) -> Cat 3: Moderate Water Use
A16: Ryegrass | B16: Winter Fodder | C16: 5.6 | D16: 7.6 | E16: 6.9 | F16: 8.2 | G16: 10.8 | H16: 18.8 | I16: Oct | J16: 7 | K16: 0.7 | L16: 0.4 | M16: 0.8 | N16: 1 | O16: 1.05 | P16: 1 | Q16: 0.8 | R16: 0.4 | S16: 0 | T16: 0 | U16: 0 | V16: 0 | W16: 0 | X16: =IF(H16>=35, 1, IF(H16>=20, 2, IF(H16>=12, 3, IF(H16>=6.5, 4, 5)))) -> 3 | Y16: =IF(X16=1, "Cat 1: Extreme Halophyte", IF(X16=2, "Cat 2: High Salinity Tolerant", IF(X16=3, "Cat 3: Moderately Salinity Tolerant", IF(X16=4, "Cat 4: Moderately Sensitive", "Cat 5: Sensitive")))) -> Cat 3: Moderately Salinity Tolerant | Z16: =IF(SUM(L16:W16)*150<450, 1, IF(SUM(L16:W16)*150<650, 2, IF(SUM(L16:W16)*150<900, 3, IF(SUM(L16:W16)*150<1300, 4, 5)))) -> 3 | AA16: =IF(Z16=1, "Cat 1: Very Low Water Use", IF(Z16=2, "Cat 2: Low Water Use", IF(Z16=3, "Cat 3: Moderate Water Use", IF(Z16=4, "Cat 4: High Water Use", "Cat 5: Very High Water Use")))) -> Cat 3: Moderate Water Use
... A34: Strawberry | B34: Fruit Vegetable | C34: 1 | D34: 33 | E34: 1.3 | F34: 1.8 | G34: 2.5 | H34: 4 | I34: Oct | J34: 7 | K34: 0.6 | L34: 0.4 | M34: 0.6 | N34: 0.85 | O34: 1.05 | P34: 0.9 | Q34: 0.6 | R34: 0 | S34: 0 | T34: 0 | U34: 0 | V34: 0 | W34: 0 | X34: =IF(H34>=35, 1, IF(H34>=20, 2, IF(H34>=12, 3, IF(H34>=6.5, 4, 5)))) -> 5 | Y34: =IF(X34=1, "Cat 1: Extreme Halophyte", IF(X34=2, "Cat 2: High Salinity Tolerant", IF(X34=3, "Cat 3: Moderately Salinity Tolerant", IF(X34=4, "Cat 4: Moderately Sensitive", "Cat 5: Sensitive")))) -> Cat 5: Sensitive | Z34: =IF(SUM(L34:W34)*150<450, 1, IF(SUM(L34:W34)*150<650, 2, IF(SUM(L34:W34)*150<900, 3, IF(SUM(L34:W34)*150<1300, 4, 5)))) -> 3 | AA34: =IF(Z34=1, "Cat 1: Very Low Water Use", IF(Z34=2, "Cat 2: Low Water Use", IF(Z34=3, "Cat 3: Moderate Water Use", IF(Z34=4, "Cat 4: High Water Use", "Cat 5: Very High Water Use")))) -> Cat 3: Moderate Water Use

Sheet Strategy & Crop Advisor
A1: DECISION SUPPORT, CROP WATER EFFICIENCY & MULTI-SCENARIO ADVISOR
A3: 1. SMART RECLAMATION & CROP ROTATION RECOMMENDATIONS
A4: RECOMMENDED PIONEER CATEGORY | D4: RECOMMENDED PLANTING MONTH | G4: RECOMMENDED IRRIGATION STRATEGY | K4: FLUSHING RECOMMENDATION
A5: ='W&S Balance Model'!$F$9 -> Barley | D5: =VLOOKUP('W&S Balance Model'!$B$5, 'Crop Database'!$A$5:$I$34, 9, FALSE) -> Oct | G5: Plant & Soil Focused (Optimal) | K5: Annual Pre-Sowing Flush (200 mm)
A6: ='W&S Balance Model'!$F$10 -> Salt: Cat 2: High Salinity Tolerant | Water: Cat 3: Moderate Water Use | D6: FAO-56 Lowest ETc Demand Month | G6: Protects Crop Yield + Soil Leaching | K6: FAO-29 Salt Removal Protocol
A8: 2. SMART PIONEER CROP SELECTION ADVISOR & SALINITY TOLERANCE RANKING
A9: Suitability Group | B9: Recommended Pioneer Crop Species | D9: Category / Function | F9: Threshold ECe (100%) | G9: EC_max Limit (0%) | H9: Viability Status at Current Soil ECe
A10: Group 1: Extreme Halophytes (>12 dS/m) | B10: Salicornia (Glasswort) | D10: Halophyte Oilseed / Bio-Saline | F10: 25 | G10: 75 | H10: =IF('W&S Balance Model'!$B$13<=F10, "FULLY SUITABLE (100% Yield)", IF('W&S Balance Model'!$B$13<=G10, "VIABLE PIONEER CROP (Reduced Yield)", "UNSUITABLE (Soil Too Salty)")) -> FULLY SUITABLE (100% Yield)
A11: Group 1: Extreme Halophytes (>12 dS/m) | B11: Atriplex (Saltbush) | D11: Halophyte Forage Shrub | F11: 18 | G11: 58 | H11: =IF('W&S Balance Model'!$B$13<=F11, "FULLY SUITABLE (100% Yield)", IF('W&S Balance Model'!$B$13<=G11, "VIABLE PIONEER CROP (Reduced Yield)", "UNSUITABLE (Soil Too Salty)")) -> FULLY SUITABLE (100% Yield)
A12: Group 1: Extreme Halophytes (>12 dS/m) | B12: Date Palm | D12: Perennial Fruit Tree | F12: 12 | G12: 39.8 | H12: =IF('W&S Balance Model'!$B$13<=F12, "FULLY SUITABLE (100% Yield)", IF('W&S Balance Model'!$B$13<=G12, "VIABLE PIONEER CROP (Reduced Yield)", "UNSUITABLE (Soil Too Salty)")) -> FULLY SUITABLE (100% Yield)
A13: Group 2: Pioneer Grains & Grasses (8-12 dS/m) | B13: Rhodes Grass | D13: Perennial Fodder Grass | F13: 8.5 | G13: 32.3 | H13: =IF('W&S Balance Model'!$B$13<=F13, "FULLY SUITABLE (100% Yield)", IF('W&S Balance Model'!$B$13<=G13, "VIABLE PIONEER CROP (Reduced Yield)", "UNSUITABLE (Soil Too Salty)")) -> VIABLE PIONEER CROP (Reduced Yield)
A14: Group 2: Pioneer Grains & Grasses (8-12 dS/m) | B14: Barley | D14: Winter Grain / Reclamation Pioneer | F14: 8 | G14: 28 | H14: =IF('W&S Balance Model'!$B$13<=F14, "FULLY SUITABLE (100% Yield)", IF('W&S Balance Model'!$B$13<=G14, "VIABLE PIONEER CROP (Reduced Yield)", "UNSUITABLE (Soil Too Salty)")) -> VIABLE PIONEER CROP (Reduced Yield)
A15: Group 2: Pioneer Grains & Grasses (8-12 dS/m) | B15: Rye | D15: Winter Cereal Grain | F15: 11.4 | G15: 20.7 | H15: =IF('W&S Balance Model'!$B$13<=F15, "FULLY SUITABLE (100% Yield)", IF('W&S Balance Model'!$B$13<=G15, "VIABLE PIONEER CROP (Reduced Yield)", "UNSUITABLE (Soil Too Salty)")) -> FULLY SUITABLE (100% Yield)
A16: Group 3: Bio-Subsoilers & Hardpan Breakers | B16: Vetiver Grass | D16: Deep-Root Bio-Drainage / Subsoiler | F16: 8 | G16: 26 | H16: =IF('W&S Balance Model'!$B$13<=F16, "FULLY SUITABLE (100% Yield)", IF('W&S Balance Model'!$B$13<=G16, "VIABLE PIONEER CROP (Reduced Yield)", "UNSUITABLE (Soil Too Salty)")) -> VIABLE PIONEER CROP (Reduced Yield)
A17: Group 3: Bio-Subsoilers & Hardpan Breakers | B17: Tillage Radish (Bio-Subsoiler) | D17: Deep Taproot Hardpan Breaker | F17: 4 | G17: 12 | H17: =IF('W&S Balance Model'!$B$13<=F17, "FULLY SUITABLE (100% Yield)", IF('W&S Balance Model'!$B$13<=G17, "VIABLE PIONEER CROP (Reduced Yield)", "UNSUITABLE (Soil Too Salty)")) -> VIABLE PIONEER CROP (Reduced Yield)
A18: Group 3: Bio-Subsoilers & Hardpan Breakers | B18: Sesbania / Sunn Hemp | D18: Deep-Root Nitrogen Legume | F18: 5 | G18: 16 | H18: =IF('W&S Balance Model'!$B$13<=F18, "FULLY SUITABLE (100% Yield)", IF('W&S Balance Model'!$B$13<=G18, "VIABLE PIONEER CROP (Reduced Yield)", "UNSUITABLE (Soil Too Salty)")) -> VIABLE PIONEER CROP (Reduced Yield)
A20: 3. CROP WATER CONSUMPTION, SALINITY TOLERANCE & COMBINED SUITABILITY MATRIX
A21: Crop Species | B21: Category / Group | D21: Threshold ECe (100%) | E21: EC_max Limit (0%) | F21: Default Planting | G21: Duration (Mo) | H21: Seasonal ETc Demand (mm/yr) | J21: Water Efficiency Rating | L21: Combined Suitability (Salt + Water Met Check)
A22: ='Crop Database'!A5 -> Salicornia (Glasswort) | B22: ='Crop Database'!B5 -> Halophyte Oilseed/Vegetable | D22: ='Crop Database'!C5 -> 25 | E22: ='Crop Database'!H5 -> 75 | F22: ='Crop Database'!I5 -> Apr | G22: ='Crop Database'!J5 -> 6 | H22: =ROUND(SUM('Crop Database'!L5:W5) * 150, 0) -> 1095 | J22: =IF(H22<650, "HIGH EFFICIENCY (Low Water Use)", IF(H22<1100, "MODERATE CONSUMER", "HIGH WATER CONSUMER")) -> MODERATE CONSUMER | L22: =IF(AND('W&S Balance Model'!$B$13<=E22, IF(LEFT('W&S Balance Model'!$B$11,7)="Rainfed", H22<=450, TRUE)), "SUITABLE (Both Salt & Water Met)", IF('W&S Balance Model'!$B$13<=E22, "SALT VIABLE ONLY (Water Restrained)", "UNSUITABLE (Too Salty)")) -> SUITABLE (Both Salt & Water Met)
A23: ='Crop Database'!A10 -> Cotton | B23: ='Crop Database'!B10 -> Summer Industrial | D23: ='Crop Database'!C10 -> 7.7 | E23: ='Crop Database'!H10 -> 26.9 | F23: ='Crop Database'!I10 -> Apr | G23: ='Crop Database'!J10 -> 6 | H23: =ROUND(SUM('Crop Database'!L10:W10) * 150, 0) -> 773 | J23: =IF(H23<650, "HIGH EFFICIENCY (Low Water Use)", IF(H23<1100, "MODERATE CONSUMER", "HIGH WATER CONSUMER")) -> MODERATE CONSUMER | L23: =IF(AND('W&S Balance Model'!$B$13<=E23, IF(LEFT('W&S Balance Model'!$B$11,7)="Rainfed", H23<=450, TRUE)), "SUITABLE (Both Salt & Water Met)", IF('W&S Balance Model'!$B$13<=E23, "SALT VIABLE ONLY (Water Restrained)", "UNSUITABLE (Too Salty)")) -> SUITABLE (Both Salt & Water Met)
A24: ='Crop Database'!A27 -> Melon / Cantaloupe | B24: ='Crop Database'!B27 -> Fruit Vegetable | D24: ='Crop Database'!C27 -> 2.2 | E24: ='Crop Database'!H27 -> 6.4 | F24: ='Crop Database'!I27 -> Apr | G24: ='Crop Database'!J27 -> 4 | H24: =ROUND(SUM('Crop Database'!L27:W27) * 150, 0) -> 450 | J24: =IF(H24<650, "HIGH EFFICIENCY (Low Water Use)", IF(H24<1100, "MODERATE CONSUMER", "HIGH WATER CONSUMER")) -> HIGH EFFICIENCY (Low Water Use) | L24: =IF(AND('W&S Balance Model'!$B$13<=E24, IF(LEFT('W&S Balance Model'!$B$11,7)="Rainfed", H24<=450, TRUE)), "SUITABLE (Both Salt & Water Met)", IF('W&S Balance Model'!$B$13<=E24, "SALT VIABLE ONLY (Water Restrained)", "UNSUITABLE (Too Salty)")) -> UNSUITABLE (Too Salty)
A25: ='Crop Database'!A7 -> Date Palm | B25: ='Crop Database'!B7 -> Perennial Fruit | D25: ='Crop Database'!C7 -> 12 | E25: ='Crop Database'!H7 -> 39.8 | F25: ='Crop Database'!I7 -> Oct | G25: ='Crop Database'!J7 -> 12 | H25: =ROUND(SUM('Crop Database'!L7:W7) * 150, 0) -> 1620 | J25: =IF(H25<650, "HIGH EFFICIENCY (Low Water Use)", IF(H25<1100, "MODERATE CONSUMER", "HIGH WATER CONSUMER")) -> HIGH WATER CONSUMER | L25: =IF(AND('W&S Balance Model'!$B$13<=E25, IF(LEFT('W&S Balance Model'!$B$11,7)="Rainfed", H25<=450, TRUE)), "SUITABLE (Both Salt & Water Met)", IF('W&S Balance Model'!$B$13<=E25, "SALT VIABLE ONLY (Water Restrained)", "UNSUITABLE (Too Salty)")) -> SUITABLE (Both Salt & Water Met)
A26: ='Crop Database'!A4 -> Crop Species | B26: ='Crop Database'!B4 -> Category / Group | D26: ='Crop Database'!C4 -> Threshold ECe (100% Yield) | E26: ='Crop Database'!H4 -> EC_max (0% Yield) | F26: ='Crop Database'!I4 -> Default Planting Month | G26: ='Crop Database'!J4 -> Growth Duration (Months) | H26: =ROUND(SUM('Crop Database'!L4:W4) * 150, 0) -> 0 | J26: =IF(H26<650, "HIGH EFFICIENCY (Low Water Use)", IF(H26<1100, "MODERATE CONSUMER", "HIGH WATER CONSUMER")) -> HIGH EFFICIENCY (Low Water Use) | L26: =IF(AND('W&S Balance Model'!$B$13<=E26, IF(LEFT('W&S Balance Model'!$B$11,7)="Rainfed", H26<=450, TRUE)), "SUITABLE (Both Salt & Water Met)", IF('W&S Balance Model'!$B$13<=E26, "SALT VIABLE ONLY (Water Restrained)", "UNSUITABLE (Too Salty)")) -> SUITABLE (Both Salt & Water Met)
A27: ='Crop Database'!A3 -> 0 | B27: ='Crop Database'!B3 -> 0 | D27: ='Crop Database'!C3 -> 0 | E27: ='Crop Database'!H3 -> 0 | F27: ='Crop Database'!I3 -> 0 | G27: ='Crop Database'!J3 -> 0 | H27: =ROUND(SUM('Crop Database'!L3:W3) * 150, 0) -> 0 | J27: =IF(H27<650, "HIGH EFFICIENCY (Low Water Use)", IF(H27<1100, "MODERATE CONSUMER", "HIGH WATER CONSUMER")) -> HIGH EFFICIENCY (Low Water Use) | L27: =IF(AND('W&S Balance Model'!$B$13<=E27, IF(LEFT('W&S Balance Model'!$B$11,7)="Rainfed", H27<=450, TRUE)), "SUITABLE (Both Salt & Water Met)", IF('W&S Balance Model'!$B$13<=E27, "SALT VIABLE ONLY (Water Restrained)", "UNSUITABLE (Too Salty)")) -> UNSUITABLE (Too Salty)
A28: ='Crop Database'!A2 -> Contains crop salinity threshold (ECe dS/m), yield loss slope (% per dS/m), yield loss salinity levels, default planting month, duration, and monthly crop factors (Kc). | B28: ='Crop Database'!B2 -> 0 | D28: ='Crop Database'!C2 -> 0 | E28: ='Crop Database'!H2 -> 0 | F28: ='Crop Database'!I2 -> 0 | G28: ='Crop Database'!J2 -> 0 | H28: =ROUND(SUM('Crop Database'!L2:W2) * 150, 0) -> 0 | J28: =IF(H28<650, "HIGH EFFICIENCY (Low Water Use)", IF(H28<1100, "MODERATE CONSUMER", "HIGH WATER CONSUMER")) -> HIGH EFFICIENCY (Low Water Use) | L28: =IF(AND('W&S Balance Model'!$B$13<=E28, IF(LEFT('W&S Balance Model'!$B$11,7)="Rainfed", H28<=450, TRUE)), "SUITABLE (Both Salt & Water Met)", IF('W&S Balance Model'!$B$13<=E28, "SALT VIABLE ONLY (Water Restrained)", "UNSUITABLE (Too Salty)")) -> UNSUITABLE (Too Salty)
A29: ='Crop Database'!A17 -> Zucchini / Squash | B29: ='Crop Database'!B17 -> Vegetable | D29: ='Crop Database'!C17 -> 4.7 | E29: ='Crop Database'!H17 -> 10 | F29: ='Crop Database'!I17 -> Apr | G29: ='Crop Database'!J17 -> 4 | H29: =ROUND(SUM('Crop Database'!L17:W17) * 150, 0) -> 443 | J29: =IF(H29<650, "HIGH EFFICIENCY (Low Water Use)", IF(H29<1100, "MODERATE CONSUMER", "HIGH WATER CONSUMER")) -> HIGH EFFICIENCY (Low Water Use) | L29: =IF(AND('W&S Balance Model'!$B$13<=E29, IF(LEFT('W&S Balance Model'!$B$11,7)="Rainfed", H29<=450, TRUE)), "SUITABLE (Both Salt & Water Met)", IF('W&S Balance Model'!$B$13<=E29, "SALT VIABLE ONLY (Water Restrained)", "UNSUITABLE (Too Salty)")) -> SUITABLE (Both Salt & Water Met)
A30: ='Crop Database'!A15 -> Wheat | B30: ='Crop Database'!B15 -> Winter Grain | D30: ='Crop Database'!C15 -> 6 | E30: ='Crop Database'!H15 -> 20.1 | F30: ='Crop Database'!I15 -> Oct | G30: ='Crop Database'!J15 -> 7 | H30: =ROUND(SUM('Crop Database'!L15:W15) * 150, 0) -> 660 | J30: =IF(H30<650, "HIGH EFFICIENCY (Low Water Use)", IF(H30<1100, "MODERATE CONSUMER", "HIGH WATER CONSUMER")) -> MODERATE CONSUMER | L30: =IF(AND('W&S Balance Model'!$B$13<=E30, IF(LEFT('W&S Balance Model'!$B$11,7)="Rainfed", H30<=450, TRUE)), "SUITABLE (Both Salt & Water Met)", IF('W&S Balance Model'!$B$13<=E30, "SALT VIABLE ONLY (Water Restrained)", "UNSUITABLE (Too Salty)")) -> SUITABLE (Both Salt & Water Met)
A31: ='Crop Database'!A23 -> Potato | B31: ='Crop Database'!B23 -> Root Vegetable | D31: ='Crop Database'!C23 -> 1.7 | E31: ='Crop Database'!H23 -> 5.9 | F31: ='Crop Database'!I23 -> Oct | G31: ='Crop Database'!J23 -> 4 | H31: =ROUND(SUM('Crop Database'!L23:W23) * 150, 0) -> 450 | J31: =IF(H31<650, "HIGH EFFICIENCY (Low Water Use)", IF(H31<1100, "MODERATE CONSUMER", "HIGH WATER CONSUMER")) -> HIGH EFFICIENCY (Low Water Use) | L31: =IF(AND('W&S Balance Model'!$B$13<=E31, IF(LEFT('W&S Balance Model'!$B$11,7)="Rainfed", H31<=450, TRUE)), "SUITABLE (Both Salt & Water Met)", IF('W&S Balance Model'!$B$13<=E31, "SALT VIABLE ONLY (Water Restrained)", "UNSUITABLE (Too Salty)")) -> UNSUITABLE (Too Salty)
A32: ='Crop Database'!A22 -> Cabbage | B32: ='Crop Database'!B22 -> Vegetable | D32: ='Crop Database'!C22 -> 1.8 | E32: ='Crop Database'!H22 -> 7 | F32: ='Crop Database'!I22 -> Oct | G32: ='Crop Database'!J22 -> 4 | H32: =ROUND(SUM('Crop Database'!L22:W22) * 150, 0) -> 428 | J32: =IF(H32<650, "HIGH EFFICIENCY (Low Water Use)", IF(H32<1100, "MODERATE CONSUMER", "HIGH WATER CONSUMER")) -> HIGH EFFICIENCY (Low Water Use) | L32: =IF(AND('W&S Balance Model'!$B$13<=E32, IF(LEFT('W&S Balance Model'!$B$11,7)="Rainfed", H32<=450, TRUE)), "SUITABLE (Both Salt & Water Met)", IF('W&S Balance Model'!$B$13<=E32, "SALT VIABLE ONLY (Water Restrained)", "UNSUITABLE (Too Salty)")) -> UNSUITABLE (Too Salty)
A33: ='Crop Database'!A30 -> Garlic | B33: ='Crop Database'!B30 -> Bulb Vegetable | D33: ='Crop Database'!C30 -> 1.7 | E33: ='Crop Database'!H30 -> 4.8 | F33: ='Crop Database'!I30 -> Oct | G33: ='Crop Database'!J30 -> 6 | H33: =ROUND(SUM('Crop Database'!L30:W30) * 150, 0) -> 600 | J33: =IF(H33<650, "HIGH EFFICIENCY (Low Water Use)", IF(H33<1100, "MODERATE CONSUMER", "HIGH WATER CONSUMER")) -> HIGH EFFICIENCY (Low Water Use) | L33: =IF(AND('W&S Balance Model'!$B$13<=E33, IF(LEFT('W&S Balance Model'!$B$11,7)="Rainfed", H33<=450, TRUE)), "SUITABLE (Both Salt & Water Met)", IF('W&S Balance Model'!$B$13<=E33, "SALT VIABLE ONLY (Water Restrained)", "UNSUITABLE (Too Salty)")) -> UNSUITABLE (Too Salty)
A35: 4. 10-YEAR MULTI-SCENARIO STRATEGIC COMPARISON MATRIX
A36: Strategic Scenario Name | C36: Irrigation Mode | E36: Flushing Strategy | G36: Feasibility Year | I36: Y1 ECe | J36: Y5 ECe | K36: Y10 ECe | L36: Equilibrium ECe,eq | M36: 10-Yr Water Applied
A37: Scenario 1: Optimal Soil Reclamation | C37: Plant & Soil Focused | E37: Annual Pre-Sowing Flush | G37: ='W&S Balance Model'!$F$8 -> Year 2 | I37: ='W&S Balance Model'!P39 -> 7.6570214 | J37: ='W&S Balance Model'!P63 -> 5.3927675 | K37: ='W&S Balance Model'!P93 -> 4.8564092 | L37: ='W&S Balance Model'!$F$16 -> 5 | M37: =SUM('W&S Balance Model'!E29:P29)*10 -> 7110
A38: Scenario 2: Water Saving Strategy | C38: Plant-Focused: Exact Demand | E38: Annual Pre-Sowing Flush | G38: Year 3 | I38: 12.1 | J38: 6.2 | K38: 5.7 | L38: 5 | M38: 9500
A39: Scenario 3: Single Reclamation Flush | C39: Plant & Soil Focused | E39: Year 1 Reclamation Only | G39: Year 6 | I39: 9.8 | J39: 7.7 | K39: 7.1 | L39: 6.7 | M39: 8900
A40: Scenario 4: No Pre-Season Flushing | C40: Plant & Soil Focused | E40: No Pre-Season Flushing | G40: Year 7 | I40: 14.6 | J40: 8.7 | K40: 7.3 | L40: 7.4 | M40: 8500
A41: Scenario 5: Rainfed Strategy | C41: Rainfed Only (No Irrigation) | E41: Year 1 Reclamation Only | G41: Year 10+ | I41: 18 | J41: 18 | K41: 18 | L41: 18 | M41: 200
A42: Scenario 6: Alternative Bio-Subsoiler Rotation | C42: Plant & Soil Focused | E42: Annual Pre-Sowing Flush | G42: Year 2 | I42: 8 | J42: 4.1 | K42: 1.5 | L42: 1.5 | M42: 10700

Sheet Overview & Instructions
A1: IRAQ SALT & WATER BALANCE MODEL - USER GUIDE & METHODOLOGY
A3: This decision-support tool is a monthly rootzone water and salt balance model for agricultural land management in arid and salt-affected regions, specifically calibrated for Iraq, the Arabian Peninsula, and the Middle East. Based on FAO-56 evapotranspiration guidelines and ILRI Publication 16 (Dieleman & Ridder, 1980), the model evaluates how irrigation water quality (ECi), crop choices, climate evapotranspiration (ETo), and effective rainfall (P) impact soil salinity accumulation (ECe) and crop yield over multi-year horizons.
A5: KEY MODEL FEATURES & ADVANCED CAPABILITIES
A6: 1. Dynamic Multi-Year Crop Rotation | B6: As long as soil salinity is too high, the system cultivates the selected Pioneer Crop. As soon as salinity drops below the Target Crop threshold, the model automatically switches to the Target Crop for that year and all future years, dynamically updating Kc, ETc, and leaching requirements.
A7: 2. Dedicated Strategy & Crop Advisor Sheet | B7: Features a brand-new Strategy & Crop Advisor sheet comparing crop water consumption (ETc mm/yr), water efficiency ratings, and side-by-side irrigation strategy tradeoffs.
A8: 3. Flexible FAO-29 Flushing Strategy Options | B8: Toggle between 'Annual Pre-Sowing Flush', 'Year 1 Reclamation Only', 'Bi-Annual Flush (Every 2 Yrs)', 'Manual Flushing Input', or 'No Pre-Season Flushing' to model routine vs. one-off reclamation leaching according to FAO-29 guidelines.
A9: 4. Smart Pioneer Crop Selection Advisor | B9: Features an interactive Pioneer Crop Advisor ranking candidate species by salinity tolerance spectrum (Extreme Halophytes, Pioneer Grains, Deep-Root Bio-Subsoilers) with live viability indicators.
A10: 5. Executive Visual Dashboard | B10: Prominent visual line and column charts placed at the top of the dashboard, paired with a 10-year crop rotation action plan table, pioneer crop advisor, and executive summary.
